session_id,participant_id,status,started_datetime,completed_date_time,time_taken,age,num_approvals,num_rejections,prolific_score,reviewed_at_datetime,entered_code,Country of Birth,Current Country of Residence,Employment Status,First Language,Nationality,Sex,Student Status
613641e406613e01ca2ea1ee,6130c6f2f70b6f67907d589d,APPROVED,29:35.1,43:04.6,809.438,20,1,0,100,13:50.1,3D699F4F,DATA EXPIRED,Poland,DATA EXPIRED,Polish,Poland,Male,Yes
613641e9ffadbf398fd756b5,61363d8ec8017d6ab691afe2,APPROVED,29:34.5,38:21.1,526.626,25,1,0,100,13:50.2,3D699F4F,United States,United States,Full-Time,English,United States,Female,No
613641eb779de206043b4425,61335a9e82c52424d8d5ed87,APPROVED,30:53.3,45:51.4,898.134,39,1,0,100,13:50.2,3D699F4F,DATA EXPIRED,United States,Full-Time,DATA EXPIRED,United States,Male,DATA EXPIRED
613641f112ccb6fe021b93b1,613402791a2b85ffe0be6895,APPROVED,30:57.1,40:51.8,594.762,36,1,0,100,13:50.3,3D699F4F,DATA EXPIRED,United States,Full-Time,DATA EXPIRED,United States,Male,DATA EXPIRED
613641fe80892edfff659eda,61362a48ba52c5255f49dc73,RETURNED,39:50.8,,15711.837,29,0,0,100,,,CONSENT REVOKED,CONSENT REVOKED,CONSENT REVOKED,CONSENT REVOKED,CONSENT REVOKED,CONSENT REVOKED,CONSENT REVOKED
6136420383d1f577800e178b,600de3b1ba3ac5630173db73,APPROVED,29:58.7,37:46.3,467.579,25,1,0,100,13:50.3,3D699F4F,Portugal,Portugal,Full-Time,Portuguese,Portugal,Male,No
6136422b060908bfc8cad992,61363cce5c9fb7c3ec797790,APPROVED,30:43.6,42:45.9,722.335,32,1,0,100,13:50.4,3D699F4F,South Africa,South Africa,Part-Time,Afrikaans,South Africa,Male,No
61364235ffe9748de5d2da4f,61356377bda43b654ccd65ca,APPROVED,30:53.4,41:36.0,642.558,24,1,0,100,13:50.5,3D699F4F,Mexico,Mexico,Unemployed (and job seeking),Spanish,Mexico,Female,Yes
6136424e80c5600f2d9062d0,612c85145673f200538bc8b9,APPROVED,33:04.9,05:19.9,1934.974,50,1,0,100,13:50.5,3D699F4F,DATA EXPIRED,United States,Full-Time,English,United States,Male,No
61364256f9ecff641d4d70fe,612c89319e92782257d436a8,APPROVED,33:57.6,13:00.9,2343.338,49,1,0,100,13:50.6,3D699F4F,DATA EXPIRED,United States,Full-Time,English,United States,Male,No
6136425b22d954cd5de290d8,612c8da78fa9965ac397c5f1,APPROVED,34:03.4,58:00.4,1437.05,48,1,0,100,13:50.6,3D699F4F,DATA EXPIRED,United States,Full-Time,English,United States,Male,No
61364cd73831123e029dc816,6130b24207c3bfe81a5d2700,TIMED-OUT,16:12.5,,13530.17999,38,10,0,100,,,United Kingdom,United States,Full-Time,English,United States,Female,DATA EXPIRED
61364d38a54a78142fa91767,612c92b749936444d5138dfa,APPROVED,18:43.2,35:55.9,1032.722,39,9,0,100,37:37.6,3D699F4F,DATA EXPIRED,United States,Full-Time,DATA EXPIRED,United States,Male,No
61364d8e9cb8a876fd8e81ca,60fdae26aca935de2a4e9f59,APPROVED,19:12.9,26:37.2,444.307,22,18,0,100,37:37.6,3D699F4F,United States,United States,Part-Time,English,United States,Female,Yes
61364dc6f94f4ac52f02aa8d,612f6595b3f84d035f3991dc,APPROVED,20:10.2,28:38.9,508.658,40,8,0,100,37:37.7,3D699F4F,DATA EXPIRED,United States,Full-Time,DATA EXPIRED,United States,Male,DATA EXPIRED
61364e81b9f93aa457835b2f,6130e97d4106299f8c6120fa,APPROVED,23:24.2,39:15.2,951.026,18,6,0,100,37:37.7,3D699F4F,South Africa,South Africa,Unemployed (and job seeking),DATA EXPIRED,South Africa,Female,Yes
61364fdec9f13d16ed8a9f94,613125a41207528f393fcdd3,APPROVED,29:07.9,40:38.3,690.351,29,6,0,100,37:37.8,3D699F4F,DATA EXPIRED,United States,Full-Time,English,United States,Male,No
61364ff811dbd5d21931ae69,613256d0328592afab318a32,RETURNED,30:33.7,,12669.18019,36,9,0,100,,,CONSENT REVOKED,CONSENT REVOKED,CONSENT REVOKED,CONSENT REVOKED,CONSENT REVOKED,CONSENT REVOKED,CONSENT REVOKED
613650381e0cfffd80486f78,5e307a080551ae02939239f3,APPROVED,30:35.1,39:13.5,518.384,22,160,2,100,37:37.9,3D699F4F,Poland,Poland,DATA EXPIRED,Polish,Poland,Female,Yes
613650cedf633cbcfedb8da3,61126b3c7a8cb8d2a08228e0,APPROVED,33:02.4,45:18.2,735.827,20,13,1,94,37:37.9,3D699F4F,Curacao,Netherlands,Part-Time,DATA EXPIRED,Netherlands,Female,Yes
6136511aded9e51179fe7f0a,612ffe95e0b981dd1a2a11ca,APPROVED,34:22.0,46:37.1,735.044,26,17,0,100,37:38.0,3D699F4F,Colombia,United States,Full-Time,Spanish,United States,Female,No
61365190cc2a705ae3017f10,6119c9f6e9f194da19f0f2b2,APPROVED,36:20.9,42:44.3,383.494,22,9,0,100,37:38.1,3D699F4F,United States,United States,Unemployed (and job seeking),English,United States,Female,Yes
613651b66687135293a2f9ec,613589ac6333693e1927fa76,APPROVED,37:10.7,58:23.5,1272.83,38,4,0,100,37:38.1,3D699F4F,United States,United States,Full-Time,English,United States,Female,Yes
613651d47a24cd92a26f5488,612e1c8601bfe7082054c573,APPROVED,39:04.6,55:12.6,967.995,49,14,0,100,37:38.2,3D699F4F,United States,United States,Full-Time,English,United States,Male,DATA EXPIRED
613651fd8aafcb39dd1cf973,6131411246a6bd5f60f51137,APPROVED,38:08.8,44:45.7,396.919,20,5,0,100,37:38.3,3D699F4F,United States,United States,Unemployed (and job seeking),English,United States,Female,Yes
6136529118f567b93c4b3c06,61130408c5bc99955e662325,APPROVED,40:35.8,47:14.7,398.943,25,16,0,100,37:38.3,3D699F4F,United States,United States,Part-Time,English,United States,Female,Yes
613652a3e685ac218b9ae52e,6131bb93b7d3854cd6c61779,APPROVED,40:54.3,51:35.1,640.869,69,11,0,100,37:38.4,3D699F4F,United States,United States,Part-Time,English,United States,Male,No
613652cdf3d2d29dc570ca95,61358a314688a3913d91be23,APPROVED,41:38.5,03:43.7,1325.205,37,4,0,100,37:38.5,3D699F4F,United States,United States,Full-Time,English,United States,Female,DATA EXPIRED
613653288d3cc739e9b097da,61331816a2821fa8a7ad8134,APPROVED,43:13.0,00:52.0,1059,29,3,0,100,37:38.5,3D699F4F,United States,United States,Part-Time,English,United States,Male,No
6136534a27f0d3484a84a83a,61361f22b7d0722a94e90e5f,APPROVED,43:43.5,56:47.5,783.999,45,3,0,100,37:38.6,3D699F4F,United States,United States,Full-Time,English,United States,Male,DATA EXPIRED
6136538549e8065cd4c2fdb2,612873db6f99c480934fe870,APPROVED,44:50.3,59:19.1,868.755,28,9,0,100,37:38.7,NOCODE,DATA EXPIRED,United States,DATA EXPIRED,DATA EXPIRED,United States,Male,DATA EXPIRED
61365394b60437eff3190b6a,6134d8a566bc3dffe880e879,APPROVED,44:58.9,57:08.5,729.531,41,12,0,100,37:38.8,3D699F4F,United States,United States,Full-Time,English,United States,Female,No
613653a09763380e237abc34,610b0b3ff0deccd99a9cf13a,APPROVED,45:08.7,01:14.0,965.334,52,16,0,100,37:38.8,3D699F4F,United States,United States,Full-Time,English,United States,Male,No
613653ad998c3b8fb296aeae,613124cdeb86090a2c416803,APPROVED,45:31.6,04:12.2,1120.584,47,10,1,97,37:38.9,3D699F4F,DATA EXPIRED,United States,Full-Time,English,United States,DATA EXPIRED,DATA EXPIRED
613653d7b60437eff3190b71,6132573b5c5b530b5aefda0b,RETURNED,46:09.2,,11733.93192,30,8,0,100,,,CONSENT REVOKED,CONSENT REVOKED,CONSENT REVOKED,CONSENT REVOKED,CONSENT REVOKED,CONSENT REVOKED,CONSENT REVOKED
61365412be5a41e8be82cee3,61352b28c1729389a65e4fd5,APPROVED,47:01.9,54:44.8,462.94,20,5,0,100,37:39.0,3D699F4F,United Kingdom,United Kingdom,Unemployed (and job seeking),English,United Kingdom,Female,Yes
6136541c00a0d3bd5e4e5dea,6135339ba36eaa2561157c24,APPROVED,47:11.5,54:46.8,455.279,24,6,0,100,37:39.0,3D699F4F,United States,United States,Unemployed (and job seeking),English,United States,Male,No
613654b44f2e3fb6ace64843,612a7a60095b02e1a0c44f51,APPROVED,49:43.9,59:03.9,560.02,40,4,0,100,37:39.1,3D699F4F,United States,United States,Full-Time,English,United States,Female,DATA EXPIRED
613654ce056f91df952b44a1,6114c1aae4cc923421723ee7,APPROVED,50:09.9,01:08.1,658.157,40,11,1,96,37:39.2,3D699F4F,DATA EXPIRED,United States,Full-Time,English,United States,Male,No
613654d86dff0bdd42379b2a,60fdbf98d3e0bf8c518e64c7,APPROVED,50:21.7,57:54.9,453.207,29,16,0,100,37:39.2,3D699F4F,United States,United States,Part-Time,English,United States,Female,No
61365509d573825e6a24eb1e,612205f698fa7091e65663fa,RETURNED,51:09.7,,11433.53295,46,7,0,100,,,CONSENT REVOKED,CONSENT REVOKED,CONSENT REVOKED,CONSENT REVOKED,CONSENT REVOKED,CONSENT REVOKED,CONSENT REVOKED
6136551469765daf0644631b,612a22271c4f04feedb2b581,APPROVED,51:25.7,59:33.3,487.634,30,11,0,100,37:39.3,3D699F4F,DATA EXPIRED,United States,DATA EXPIRED,English,United States,Male,No
61365545267be0606234b536,61357c85bb96b4d45a0137c3,APPROVED,52:10.5,10:13.0,1082.582,35,6,0,100,37:39.4,3D699F4F,United States,United States,Full-Time,English,United States,Male,No
6136554e61e1a5fb348859bc,613433254f90cad23b8907fe,APPROVED,53:26.9,03:35.0,608.134,32,10,0,100,37:39.5,3D699F4F,Canada,Canada,Full-Time,English,Canada,Female,No
6136555585a67297d4f72110,6132b3f7a28ef1016cc209f0,APPROVED,52:23.8,00:34.0,490.247,28,18,0,100,37:39.5,3D699F4F,United States,United States,Full-Time,English,United States,Female,No
6136558a84c7a2ec654d550e,613606ee982c012a632d9d31,APPROVED,53:56.6,05:14.0,677.351,41,8,0,100,37:39.6,3D699F4F,United Kingdom,United Kingdom,Part-Time,English,United Kingdom,Female,No
613655c12572e0e1c5d7ca31,5ccc41c0e8efc700014e88eb,APPROVED,54:09.6,06:30.1,740.492,29,113,3,97,37:39.7,3D699F4F,Romania,United Kingdom,Full-Time,Romanian,Romania,Male,No
613655d6032a894318eb0b76,6116eeb46c35447918e2e1f9,APPROVED,9/6/21 17:54,06:50.4,740.391,30,19,0,100,37:39.7,3D699F4F,Czech Republic,Czech Republic,Full-Time,Czech,Czech Republic,Male,No
613655ddd73d0d59114be0a9,6132f2d88ea30756f0749db9,APPROVED,56:08.6,02:46.5,397.897,23,5,0,100,37:39.8,3D699F4F,United States,United States,Part-Time,English,United States,Female,Yes
61365627b27a553a58f4e2b7,612f20b0ea345986d57eb740,APPROVED,56:08.6,06:17.3,608.68,38,7,0,100,37:39.9,3D699F4F,DATA EXPIRED,United States,Full-Time,English,United States,Male,No
6136565fc04b88e6be36d81f,61311bb237e66a62e4b7710b,APPROVED,57:59.5,07:38.4,578.907,19,6,0,100,37:40.0,3D699F4F,Denmark,United Kingdom,Other,Danish,Denmark,Female,Yes
613656621740b92335a81e24,61208573d3099ef00fdc079c,TIMED-OUT,56:50.0,,11093.44995,41,13,0,100,,,South Africa,South Africa,Full-Time,DATA EXPIRED,South Africa,Male,No
613656884fab737a6ca000c8,613240105d2c5568ad337446,APPROVED,59:07.2,20:23.1,1275.939,29,12,0,100,37:40.0,3D699F4F,DATA EXPIRED,United States,Full-Time,English,United States,Male,No
6136569fa46a7260b1647c6b,5eeaa0dfc1b0da1c34a5ca5f,APPROVED,57:55.0,02:45.5,290.484,21,116,2,99,37:40.1,3D699F4F,United States,United States,Other,English,United States,Male,Yes
613656a3b80c36bcd42dcd89,612652dd9b4c9f1b73fe5a97,APPROVED,58:00.2,08:22.9,622.654,30,12,1,99,37:40.2,3D699F4F,South Africa,South Africa,Full-Time,DATA EXPIRED,South Africa,Male,No
613656ca5d230c2c99f9b522,612687b5900550f2ada43cf2,APPROVED,58:41.7,08:51.1,609.391,29,13,0,100,37:40.3,3D699F4F,South Africa,South Africa,Full-Time,DATA EXPIRED,South Africa,Male,No
613656d563c012cc5f308d54,6136503d70302c9d1aa894f4,APPROVED,59:10.1,07:46.1,515.999,21,1,0,100,37:40.3,3D699F4F,Malaysia,United Kingdom,Unemployed (and job seeking),English,Malaysia,Female,Yes
613656e0a812130cc0524b93,61325518505f6568d9270b24,APPROVED,58:56.2,05:22.6,386.359,22,5,0,100,37:40.4,3D699F4F,France,France,Full-Time,French,France,Female,No
613656f74aa0da1cef592fa6,61117a9ff9b5a462cfb356d4,APPROVED,59:19.7,11:00.4,700.68,22,18,0,100,37:40.5,3D699F4F,Congo the Democratic Republic of the,South Africa,Part-Time,French,South Africa,Male,Yes
613656fc986ca5388f31f450,5a9adf93dbdb470001eee5e1,APPROVED,59:27.3,09:28.1,600.752,48,171,1,100,37:40.6,3D699F4F,United Kingdom,United Kingdom,Full-Time,English,United Kingdom,Female,No
6136570a119713d84a9c671d,61351c3a1e3e96156bc86116,APPROVED,01:29.9,08:28.1,418.265,32,9,0,100,37:40.7,3D699F4F,United States,United States,Part-Time,English,United States,Female,No
6136570d99c7fb8fc705cc02,61237191a4f581de8626daff,APPROVED,59:44.3,06:41.7,417.402,27,18,1,99,37:40.7,3D699F4F,South Africa,Portugal,Full-Time,Portuguese,Portugal,Male,Yes
6136571367f3e1454bee3242,610847451fd8cf1217dc2d4d,APPROVED,59:49.9,06:01.1,371.198,24,3,0,100,37:40.8,3D699F4F,United States,United States,Due to start a new job within the next month,English,United States,Female,No
613657194d8e221c50cd18e5,612d5c73f67d20f6fe2f7400,APPROVED,59:58.3,26:39.5,1601.241,22,11,0,100,37:40.9,3D699F4F,United Kingdom,United Kingdom,Part-Time,English,United Kingdom,Female,Yes
6136573ee915733cc5ef4198,61103be99914517ba8089d26,APPROVED,00:31.7,08:54.7,503.071,28,11,0,100,37:41.0,3D699F4F,United States,United States,Full-Time,English,United States,Female,No
6136574813ef45261035cb99,612df1ff08557d3524724642,APPROVED,00:44.8,05:24.6,279.726,40,18,0,100,37:41.0,3D699F4F,United States,United States,Full-Time,English,United States,Male,No
61365752e5ab8e23a82da603,6124b84448e91ab8a9c1ca8a,APPROVED,00:50.8,09:27.7,516.919,23,16,0,100,37:41.1,3D699F4F,Poland,Poland,Full-Time,Polish,Poland,Male,Yes
6136577c512dcf6e5b2f00d1,6132efde198ab0560f3c107d,APPROVED,01:34.0,11:38.1,604.067,19,8,0,100,37:41.2,3D699F4F,United States,United States,Unemployed (and job seeking),English,United States,Female,Yes
6136577ec6384429ae60c265,613284d3ee6acb01b8a7f18f,APPROVED,01:37.0,12:13.1,636.068,34,8,0,100,37:41.2,3D699F4F,United States,United States,Full-Time,English,United States,Prefer not to say,No
6136578b1deb1e7a5680e0bc,613506036904d009671d132d,APPROVED,02:13.3,09:57.9,464.55,58,5,0,100,37:41.3,3D699F4F,United States,United States,"Not in paid work (e.g. homemaker', 'retired or disabled)",Spanish,United States,Female,No
613657a9ee5dd470d6d580e3,6131597390b9cf1cfc3e8a76,APPROVED,02:20.0,09:13.8,413.833,28,22,0,100,37:41.4,3D699F4F,United States,United States,"Not in paid work (e.g. homemaker', 'retired or disabled)",English,United States,Female,No
613657aa07fcf8a007487a99,610a8af31b841b99215dc6db,APPROVED,02:24.4,15:33.2,788.834,22,21,0,100,37:41.5,3D699F4F,South Africa,South Africa,Full-Time,DATA EXPIRED,South Africa,Female,No
613657bcaa3b500162111db4,5e1e1c204248b8000cfb43ba,APPROVED,06:28.9,12:12.4,343.493,31,101,0,100,37:41.5,3D699F4F,United Kingdom,United Kingdom,Full-Time,English,United Kingdom,Female,No
613657bcb831f20b4b54eacb,6123a4a52df7c7013ea9f1d4,APPROVED,02:39.3,09:40.2,420.823,34,15,0,100,37:41.6,3D699F4F,Portugal,Portugal,Full-Time,Portuguese,Portugal,Male,No
613657bef79d8f9cc038296e,6124e8652af33dbe97cc58b6,APPROVED,02:42.1,16:35.4,833.265,20,11,0,100,37:41.7,3D699F4F,South Africa,South Africa,Other,DATA EXPIRED,South Africa,Female,Yes
613657c646a50a094157be4c,611cf8c8a3b45b07bbacb120,APPROVED,02:49.3,11:43.8,534.492,35,24,1,99,37:41.8,3D699F4F,South Africa,South Africa,Full-Time,DATA EXPIRED,South Africa,Female,No
613657f67cd68eb9c76d9786,5fdbd87651f3a90d40e390cd,RETURNED,04:03.1,,10660.90425,27,12,0,100,,,CONSENT REVOKED,CONSENT REVOKED,CONSENT REVOKED,CONSENT REVOKED,CONSENT REVOKED,CONSENT REVOKED,CONSENT REVOKED
613658229c5d33cb1398f66b,61361d90a8de6cea2e087c59,APPROVED,04:22.3,10:40.9,378.614,28,2,0,100,37:41.9,3D699F4F,United Kingdom,United Kingdom,Full-Time,English,United Kingdom,Male,No
61365826997b5d89da20a622,611cfb5fd91858d54ebeeaf7,APPROVED,04:26.7,13:05.8,519.123,25,11,1,99,37:41.9,3D699F4F,South Africa,South Africa,Full-Time,DATA EXPIRED,South Africa,Male,Yes
6136582c4daa548d79998a92,61315ea4aca896cc86e7afdf,RETURNED,04:31.0,,10632.98548,19,7,0,100,,,CONSENT REVOKED,CONSENT REVOKED,CONSENT REVOKED,CONSENT REVOKED,CONSENT REVOKED,CONSENT REVOKED,CONSENT REVOKED
6136588ec816b5a60842d62d,612205eab4a690110463d5c8,APPROVED,06:12.2,20:03.8,831.574,40,12,1,97,37:42.0,3D699F4F,United States,United States,Full-Time,English,United States,Female,DATA EXPIRED
613658902d7dd249ef1b9789,6108734c3913b3b3fd503763,APPROVED,06:19.2,22:14.9,955.699,27,16,0,100,37:42.1,3D699F4F,Brazil,Portugal,Full-Time,Portuguese,Portugal,Female,No
6136589222584c1ec2f55eca,61323e3a8523aa286c68daed,APPROVED,06:15.3,13:09.9,414.572,58,8,0,100,37:42.2,3D699F4F,Italy,Italy,Part-Time,Italian,Italy,Female,No
61365894b0934d99f7fcfe62,6135deea81fadb099e19b380,APPROVED,06:15.6,23:07.6,1012.055,37,4,0,100,37:42.3,3D699F4F,United States,United States,DATA EXPIRED,English,United States,Male,DATA EXPIRED
613658a34fab737a6ca000da,612bba7df2edfab6691a9190,APPROVED,06:27.2,18:37.4,730.213,28,17,0,100,37:42.3,3D699F4F,South Africa,South Africa,Full-Time,DATA EXPIRED,South Africa,Female,No
613658bca812130cc0524bb5,611f9e2133d567caa44e7553,APPROVED,06:52.4,16:48.5,596.156,26,18,0,100,37:42.4,3D699F4F,South Africa,South Africa,Full-Time,DATA EXPIRED,South Africa,Male,No
613658d7bdbef730dcea7134,6122a3030647fef8f1931759,RETURNED,07:19.6,,10464.52403,27,18,1,96,,,CONSENT REVOKED,CONSENT REVOKED,CONSENT REVOKED,CONSENT REVOKED,CONSENT REVOKED,CONSENT REVOKED,CONSENT REVOKED
613658ff6febc7dde563968d,6131465e8d4878c362161476,APPROVED,08:04.1,15:57.4,473.349,30,4,0,100,37:42.5,3D699F4F,Egypt,United Kingdom,Part-Time,Arabic,Egypt,Male,Yes
613659028aa440bdcf3d7768,613490689628af0feb9debf3,APPROVED,08:06.1,16:45.7,519.59,50,2,0,100,37:42.6,3D699F4F,DATA EXPIRED,United States,Full-Time,English,United States,Male,DATA EXPIRED
613659237f8357c400e84434,613233ed4e19aa19e383ea57,APPROVED,08:35.1,22:43.7,848.651,30,13,0,100,37:42.7,3D699F4F,DATA EXPIRED,United States,DATA EXPIRED,English,United States,Male,No
6136595075224d42b2b12df2,61357b2ad6cc22f723db3177,APPROVED,09:22.9,14:39.6,316.777,27,4,0,100,37:42.7,3D699F4F,United States,United States,Unemployed (and job seeking),English,United States,Female,Yes
6136597aff96e78b5ca02ce5,6109c5aeb14451b34888b046,APPROVED,10:05.8,17:37.8,451.918,20,14,1,96,37:42.8,3D699F4F,United States,United States,Part-Time,English,United States,Female,Yes
61365984185087a377ee3313,60ff645c3331094ceffd3044,APPROVED,10:14.6,16:23.7,369.112,20,43,0,100,37:42.9,3D699F4F,United States,United States,Part-Time,English,United States,Female,Yes
6136599a206c163d104f0ad9,61333a6aeba7e6f02294f861,APPROVED,10:58.7,19:19.4,500.644,36,9,0,100,37:42.9,3D699F4F,France,France,Full-Time,French,France,Male,No
613659b3ac0d419797e23753,6135813053261113e8877eff,APPROVED,11:01.8,18:46.5,464.705,34,6,0,100,37:43.0,3D699F4F,United States,United States,"Not in paid work (e.g. homemaker', 'retired or disabled)",English,United States,Female,No
613659c8e8f02e7a8f9aca50,6123d102b713b8a947fd2eb2,APPROVED,11:25.6,23:04.1,698.514,48,7,0,100,37:43.1,3D699F4F,United States,United States,DATA EXPIRED,English,United States,Male,No
613659f0eee2bff0c3c9a9ac,612410dbf7e32aeebf892633,APPROVED,12:03.8,21:19.0,555.156,40,15,0,100,37:43.2,3D699F4F,South Africa,South Africa,Full-Time,DATA EXPIRED,Portugal,Male,No
613659fad923ea8fd5660357,61266b1e4236cee5eb5e3d67,APPROVED,12:12.3,16:31.2,258.924,20,32,0,100,37:43.2,3D699F4F,United Kingdom,United Kingdom,Part-Time,English,United Kingdom,Female,No
61365a1085750861256d730f,61335b6063b60c84f36aa9c8,RETURNED,12:38.7,,10145.67513,,11,0,100,,,CONSENT REVOKED,CONSENT REVOKED,CONSENT REVOKED,CONSENT REVOKED,CONSENT REVOKED,CONSENT REVOKED,CONSENT REVOKED
61365a1429b7ad24499bee69,6132135a6b626c1fc70b0f86,APPROVED,12:36.2,20:16.2,460.053,28,7,0,100,37:43.3,3D699F4F,France,France,Full-Time,French,France,Male,No
61365a14475a7afe0bcf694b,61365674cf9b8fa456b2f412,APPROVED,12:52.3,22:46.8,594.499,18,1,0,100,37:43.4,3D699F4F,DATA EXPIRED,South Africa,DATA EXPIRED,DATA EXPIRED,DATA EXPIRED,DATA EXPIRED,DATA EXPIRED
61365a559d35fb29b05f2d91,611d122d1c92d4fc98c751fc,APPROVED,18:46.2,25:11.2,385.007,31,14,1,97,37:43.4,3D699F4F,South Africa,South Africa,Full-Time,DATA EXPIRED,South Africa,Female,No
61365a6f6a1e919ec25ed1a0,6112874cfb7776731e4ac241,RETURNED,14:17.7,,10046.74265,24,21,0,100,,,CONSENT REVOKED,CONSENT REVOKED,CONSENT REVOKED,CONSENT REVOKED,CONSENT REVOKED,CONSENT REVOKED,CONSENT REVOKED
61365a7da3a9c194d13d6c04,61365857195c5fdd934124e0,RETURNED,24:21.9,,9442.551964,26,0,0,100,,,CONSENT REVOKED,CONSENT REVOKED,CONSENT REVOKED,CONSENT REVOKED,CONSENT REVOKED,CONSENT REVOKED,CONSENT REVOKED
61365a95f12d3f79c8ef76cd,6124d352bd83f5717b979757,APPROVED,14:48.8,20:20.3,331.455,23,16,1,96,37:43.5,3D699F4F,United Kingdom,United Kingdom,Full-Time,English,United Kingdom,Male,Yes
61365ad606893822bbca53a6,61196260ae747a4f82d37217,APPROVED,16:01.0,29:04.7,783.752,28,22,0,100,37:43.6,3D699F4F,South Africa,South Africa,Full-Time,DATA EXPIRED,South Africa,Female,No
61365ad6ebc4ce16c31d5974,612f3ed4108df8ff56d4f84d,APPROVED,15:58.7,21:40.6,341.883,48,3,0,100,37:43.7,3D699F4F,DATA EXPIRED,United States,Full-Time,English,United States,Male,No
61365adcd923ea8fd5660365,61350dca290dfe0321442542,APPROVED,15:58.0,23:20.8,442.805,31,4,0,100,37:43.7,3D699F4F,Estonia,Estonia,Full-Time,Estonian,Estonia,Female,No
61365adceda03a6d540f44f4,613003431d7fad65932a936c,APPROVED,15:59.0,21:19.8,320.781,22,27,0,100,37:43.8,3D699F4F,United States,United States,Other,English,United States,Female,Yes
61365aeaff96e78b5ca02d07,61341355942e1be3ea0a4a6f,APPROVED,16:52.6,23:28.7,396.158,41,2,0,100,37:43.9,3D699F4F,DATA EXPIRED,United States,Full-Time,DATA EXPIRED,United States,Male,DATA EXPIRED
61365af5b53559eb2c706ad3,6130b7cc5e18963725a7f72a,APPROVED,16:23.4,23:07.2,403.813,24,10,1,96,37:44.0,3D699F4F,United Kingdom,United Kingdom,Part-Time,English,United Kingdom,Male,No
61365afe5979f6ddb7bda96b,6110b3f1c5f1eea69ffc874e,APPROVED,16:33.5,24:35.8,482.235,18,9,0,100,37:44.0,3D699F4F,United States,United States,Part-Time,English,United States,Female,Yes
61365b11750465c7dc017058,6131f1ced9c3580cf6308744,APPROVED,16:54.8,27:36.3,641.488,39,10,0,100,37:44.1,3D699F4F,United Kingdom,United Kingdom,Full-Time,English,United Kingdom,Female,No
61365b1d249802222a61ebd6,611de429688146b8fdfa6b9b,APPROVED,20:05.7,31:26.3,680.579,29,13,0,100,37:44.2,3D699F4F,South Africa,South Africa,Full-Time,DATA EXPIRED,South Africa,Male,Yes
61365b1eb50971968ee0c331,6132543432bcc843eebdbfcf,RETURNED,17:10.0,,9874.706631,29,7,0,100,,,CONSENT REVOKED,CONSENT REVOKED,CONSENT REVOKED,CONSENT REVOKED,CONSENT REVOKED,CONSENT REVOKED,CONSENT REVOKED
61365b1f42081aba93fcdbc6,5f40d6c251a8cd21d01b6f40,APPROVED,17:12.4,24:12.6,420.239,34,77,2,98,37:44.3,3D699F4F,Turkey,United Kingdom,DATA EXPIRED,Turkish,Turkey,Female,DATA EXPIRED
61365b2acf7993c4a31aa0ef,612255ee367070854bb58ee9,APPROVED,18:30.4,29:53.8,683.456,27,19,0,100,37:44.3,3D699F4F,South Africa,South Africa,Full-Time,DATA EXPIRED,South Africa,Male,No
61365b4a2ee0f498bdd8372b,613536e3238caf9fc20ea9e7,APPROVED,17:48.4,24:06.6,378.182,20,9,0,100,37:44.4,3D699F4F,United States,United States,Other,English,United States,Male,Yes
61365b4bdab3c412c149ac1e,5f8eaaf1f3ac0102ae8434f4,APPROVED,17:54.3,24:03.6,369.301,19,51,1,100,37:44.5,3D699F4F,United Kingdom,United Kingdom,DATA EXPIRED,English,United Kingdom,Female,DATA EXPIRED
61365b4d16e24759702b3443,613506424a9cfeba4dca7bc0,APPROVED,17:52.3,27:01.3,549.004,27,5,0,100,37:44.5,3D699F4F,Zimbabwe,South Africa,Full-Time,DATA EXPIRED,Zimbabwe,Male,No
61365b5275e2c774bfc40358,60fdc58c333e54317a4aabcd,APPROVED,17:56.9,27:12.3,555.435,31,37,0,100,37:44.6,3D699F4F,United States,United States,Full-Time,English,United States,Female,Yes
61365b53d4af66f93691b12b,5c7c0f5fb3af1b0016984e42,APPROVED,19:02.6,24:43.1,340.572,25,22,0,100,37:44.7,3D699F4F,United Kingdom,United Kingdom,Full-Time,English,United Kingdom,Female,No
61365b571d679c00d22a85eb,612ba4212e165c3f30c9ba78,APPROVED,18:04.5,28:56.9,652.455,25,8,0,100,37:44.7,3D699F4F,South Africa,South Africa,Part-Time,DATA EXPIRED,South Africa,Female,Yes
61365b64cf7993c4a31aa0f3,613443bb8a6a4d961ffcd917,APPROVED,18:12.3,25:27.2,434.885,20,13,0,100,37:44.8,3D699F4F,United States,United States,Other,English,United States,Female,Yes
61365b66b83f199b01acd05d,6131532c91b1750f51a9cb0a,APPROVED,18:14.4,33:15.4,900.94,19,12,0,100,37:44.9,3D699F4F,Poland,Poland,Part-Time,Polish,Poland,Male,Yes
61365b6f2cb28663354c331d,61221bf809bf9884406d9d68,APPROVED,21:27.4,31:57.0,629.646,41,24,0,100,37:45.0,3D699F4F,Spain,United Kingdom,Other,Spanish,Spain,Female,No
61365b784e399188b8fe6970,6134b1574b8993b3cac6f01e,APPROVED,18:44.7,26:09.2,444.525,21,10,0,100,37:45.0,3D699F4F,United Kingdom,United Kingdom,Part-Time,English,United Kingdom,Female,Yes
61365b86b069bfe4f73b5b10,611eae00e45a016c63f4bf71,APPROVED,22:07.7,33:16.9,669.252,23,14,0,100,37:45.1,3D699F4F,South Africa,South Africa,Full-Time,DATA EXPIRED,South Africa,Female,No
61365b99d6c11ea093679988,61202203690ecf8111f14f3e,APPROVED,19:05.8,27:14.3,488.431,32,15,0,100,37:45.2,3D699F4F,Poland,Poland,Full-Time,Polish,Poland,Male,No
61365ba02fe4deffc138c0bb,612b5a9eda9b896f77cf4dab,APPROVED,19:32.3,26:16.9,404.626,42,18,0,100,37:45.2,3D699F4F,DATA EXPIRED,United States,DATA EXPIRED,DATA EXPIRED,United States,Male,DATA EXPIRED
61365ba240dd0ee55f9a4703,6108695fc7ee1b51a234372a,APPROVED,19:31.6,30:47.5,675.918,27,19,0,100,37:45.3,3D699F4F,Mexico,Mexico,Full-Time,Spanish,Mexico,Female,No
61365ba91fc5a18e235ccb72,6136565576b97cf226f08e0b,APPROVED,19:24.2,28:23.5,539.322,20,1,0,100,37:45.4,3D699F4F,Spain,Spain,Unemployed (and job seeking),Spanish,Spain,Female,Yes
61365baf0bf3e925dddaef10,611e1f608f92b6c9b825bcca,APPROVED,22:54.7,31:47.8,533.099,26,19,0,100,37:45.4,3D699F4F,South Africa,South Africa,Full-Time,DATA EXPIRED,South Africa,Female,No
61365bc071f8361100c36e76,6135fe6b5422515fe7d11e2f,APPROVED,19:57.6,26:23.8,386.182,26,6,0,100,37:45.5,3D699F4F,United Kingdom,United Kingdom,Part-Time,English,United Kingdom,Male,No
61365bc1f76b65f5ffa668d4,613350134d70b5c6f356d045,RETURNED,19:47.5,,9717.540026,23,12,0,100,,,CONSENT REVOKED,CONSENT REVOKED,CONSENT REVOKED,CONSENT REVOKED,CONSENT REVOKED,CONSENT REVOKED,CONSENT REVOKED
61365bc763e8d88d499c3176,612e160ad319376daaf8971c,APPROVED,24:07.3,31:39.4,452.077,23,24,0,100,37:45.6,3D699F4F,Poland,United Kingdom,Part-Time,Polish,Poland,Male,Yes
61365bcb42081aba93fcdbd1,60fd7d5cec2666e735d1f689,APPROVED,19:59.1,27:57.0,477.88,25,33,0,100,37:45.6,3D699F4F,United States,United States,Part-Time,English,United States,Female,Yes
61365bd5a9a3b0ab56418f45,6128f2cf7c03cd440a5dcc47,APPROVED,20:10.7,33:06.6,775.887,30,12,0,100,37:45.7,3D699F4F,South Africa,South Africa,Full-Time,DATA EXPIRED,South Africa,Female,No
61365bdae708fd4b1cef684d,5d66a40c141c9800016a08a2,APPROVED,20:12.2,27:52.5,460.292,38,48,1,99,37:45.8,3D699F4F,"Venezuela, Bolivarian Republic of",Chile,Full-Time,Spanish,"Venezuela, Bolivarian Republic of",Female,No
61365be1b1b005c904be5363,613230f6175433da21063534,APPROVED,20:25.2,48:14.0,1668.739,38,10,0,100,37:45.9,3D699F4F,United States,United States,DATA EXPIRED,English,United States,Male,DATA EXPIRED
61365be41cd255577175a4a7,611d8c1e21b532867c8ac50a,APPROVED,20:51.8,35:37.3,885.525,24,17,0,100,37:46.0,3D699F4F,South Africa,South Africa,Unemployed (and job seeking),DATA EXPIRED,South Africa,Female,No
61365be7ce43626c3348c485,6116ee8fcd5414630d3527e8,APPROVED,20:28.5,32:52.8,744.238,29,18,0,100,37:46.0,3D699F4F,South Africa,South Africa,Full-Time,DATA EXPIRED,South Africa,Male,No
61365beba8f0b11956f4c29a,6131316ce33c416e428dfd2f,APPROVED,20:30.6,27:40.8,430.194,29,18,0,100,37:46.1,3D699F4F,DATA EXPIRED,United States,DATA EXPIRED,DATA EXPIRED,United States,Male,DATA EXPIRED
61365bf0c9010c5e284f3030,612a736e7035ad7ceeef755e,APPROVED,20:51.1,30:29.5,578.415,26,11,1,92,37:46.2,3D699F4F,Portugal,Portugal,Full-Time,Portuguese,Portugal,Female,No
61365bfbc4d8d36698610d17,612f152f7d455625729c73b7,APPROVED,20:46.3,27:33.2,406.842,23,29,0,100,37:46.2,3D699F4F,United States,United States,Unemployed (and job seeking),English,United States,Female,No
61365c0342081aba93fcdbd3,611fc86152f1f70b3f8677f7,APPROVED,20:54.0,31:31.1,637.096,24,16,0,100,37:46.3,3D699F4F,Turkey,Germany,Other,Turkish,Turkey,Female,Yes
61365c08d65f8d255ad65f95,612d5293f3ed68abd146c461,APPROVED,21:02.0,28:29.1,447.067,27,19,0,100,37:46.4,3D699F4F,United States,United States,Full-Time,English,United States,Female,No
61365c09547e6d897273b005,6118ea35c70b4fe510c997ad,APPROVED,20:59.6,27:43.5,403.836,26,21,0,100,37:46.5,3D699F4F,Ukraine,Czech Republic,Full-Time,Hungarian,Ukraine,Female,Yes
61365c0a19393e73e70c3575,5f10d13957b4763f401690e5,APPROVED,21:41.2,37:41.3,960.105,37,31,1,97,37:46.5,3D699F4F,Zimbabwe,South Africa,Full-Time,DATA EXPIRED,Zimbabwe,Female,No
61365c423b4710788a72b8b5,612ed4cb647077233139875a,APPROVED,22:39.9,56:55.3,2055.387,30,12,0,100,37:46.6,3D699F4F,DATA EXPIRED,United States,DATA EXPIRED,DATA EXPIRED,United States,Male,DATA EXPIRED
61365c43ed8a8cb2505ae178,611fdcbc5a74ad4891642daf,APPROVED,21:59.3,29:13.3,433.973,41,23,0,100,37:46.7,3D699F4F,Ukraine,Netherlands,Full-Time,Ukrainian,DATA EXPIRED,Female,No
61365c45a4b12ee3c479db8e,6136590bcf60824380197771,APPROVED,22:01.5,28:19.0,377.574,30,1,0,100,37:46.8,3D699F4F,United Kingdom,United Kingdom,DATA EXPIRED,English,Ireland,Female,Yes
61365c5a2961d438d3cb95d9,5f8039b76c4d180253030329,APPROVED,28:09.3,35:54.5,465.171,23,21,0,100,37:46.8,3D699F4F,Italy,United Kingdom,Full-Time,Italian,Italy,Female,No
61365c5fef4d9445e114d1a0,611f995eac60efd1117fb9e3,APPROVED,26:29.7,38:43.4,733.719,32,18,0,100,37:46.9,3D699F4F,South Africa,South Africa,Full-Time,DATA EXPIRED,South Africa,Male,No
61365c95530ea32d1bdbea13,5f3a84149afb5d69102176af,APPROVED,24:08.5,33:12.8,544.355,44,37,1,98,37:47.0,3D699F4F,Poland,Poland,DATA EXPIRED,Polish,Poland,Male,DATA EXPIRED
61365ca2388a0a2685d69fe0,6131845c27ebecb6668f4dfa,APPROVED,23:32.6,33:13.8,581.174,22,17,0,100,37:47.1,3D699F4F,United States,United States,Unemployed (and job seeking),English,United States,Female,No
61365ca385979a9e6c5a30d2,612804c78d031139237cb6cb,APPROVED,23:33.5,29:29.8,356.313,22,13,0,100,37:47.2,3D699F4F,United Kingdom,United Kingdom,Other,English,United Kingdom,Male,Yes
61365caaa31bdcb4cacf006f,6129e43c82b0f8d6dc792332,APPROVED,23:43.7,36:11.2,747.528,42,8,0,100,37:47.3,3D699F4F,United States,United States,Full-Time,English,United States,Male,No
61365cad7067e2abc61e3788,61347b534314b736f635bc06,APPROVED,24:43.2,36:18.7,695.509,34,3,0,100,37:47.3,3D699F4F,Nigeria,Netherlands,Part-Time,DATA EXPIRED,Nigeria,Male,No
61365ccd554839ff14b00303,611e457faf653c7ba30ca2f6,RETURNED,24:16.9,,9448.615367,49,7,1,96,,,CONSENT REVOKED,CONSENT REVOKED,CONSENT REVOKED,CONSENT REVOKED,CONSENT REVOKED,CONSENT REVOKED,CONSENT REVOKED
61365cce5a8bd3cf1de3115b,612ce4e62bc080657f7168a5,APPROVED,24:18.2,45:20.6,1262.465,41,20,0,100,37:47.4,3D699F4F,DATA EXPIRED,United States,Full-Time,DATA EXPIRED,United States,Male,DATA EXPIRED
61365cd6b80c8e997ad8c07b,60cd13465a9cd7ddc88093dc,APPROVED,24:26.3,34:09.3,583.083,35,8,0,100,37:47.4,3D699F4F,DATA EXPIRED,United Kingdom,DATA EXPIRED,English,United Kingdom,Male,No
61365cd9ebb20739731b14f8,612a525abd37c570e5343086,APPROVED,24:30.0,49:27.3,1497.242,42,7,0,100,37:47.5,3D699F4F,United States,United States,Full-Time,English,United States,Male,No
61365ce87067e2abc61e378c,612455494a2582c86366e236,APPROVED,24:45.9,33:57.1,551.211,34,23,0,100,37:47.6,3D699F4F,United States,United States,Part-Time,English,United States,Male,No
61365ceb3893c500c07dbbda,61290239895a727ff156145e,APPROVED,24:46.0,53:53.1,1747.043,27,20,0,100,37:47.7,3D699F4F,South Africa,South Africa,Full-Time,DATA EXPIRED,South Africa,Female,No
61365ced1ddd8ad4f34ecb32,6130ca59c20448ef54bb3943,APPROVED,24:50.7,39:31.2,880.487,29,18,0,100,37:47.8,3D699F4F,DATA EXPIRED,United States,DATA EXPIRED,DATA EXPIRED,United States,Male,DATA EXPIRED
61365d175b4a1b0b9bec9c7f,612404b99679d898df7b195b,APPROVED,25:35.4,31:47.7,372.31,49,11,1,77,37:47.8,3D699F4F,United Kingdom,Canada,Other,English,United Kingdom,Female,No
61365d2d049acbcc6afb574f,6131283a92c50782959b95bd,APPROVED,25:55.3,37:48.2,712.899,31,21,1,96,37:47.9,3D699F4F,DATA EXPIRED,United States,Full-Time,English,United States,Male,No
61365d4585979a9e6c5a30dc,60eb21bd3807b3a1810ea180,RETURNED,27:05.4,,9280.314154,18,25,0,100,,,CONSENT REVOKED,CONSENT REVOKED,CONSENT REVOKED,CONSENT REVOKED,CONSENT REVOKED,CONSENT REVOKED,CONSENT REVOKED
61365d49ed8a8cb2505ae199,6117a9292caf25f40d3f1cc4,APPROVED,26:32.4,37:44.5,672.087,28,15,0,100,37:48.0,3D699F4F,Poland,Poland,Full-Time,Polish,Poland,Female,No
61365d5aeaee6041ab8c0d1b,61312f073f7bfe3421ef6317,APPROVED,26:39.5,34:11.7,452.26,30,18,0,100,37:48.1,3D699F4F,DATA EXPIRED,United States,DATA EXPIRED,DATA EXPIRED,United States,Male,DATA EXPIRED
61365d5d4bbbedb434fa537e,613657c503749d263fcef717,APPROVED,26:43.5,37:16.8,633.299,22,1,0,100,37:48.1,3D699F4F,South Africa,South Africa,DATA EXPIRED,DATA EXPIRED,South Africa,Female,No
61365d81d6c4151305f5f050,60f213c91943571e2c470c0b,RETURNED,27:21.7,,9264.130523,42,26,0,100,,,CONSENT REVOKED,CONSENT REVOKED,CONSENT REVOKED,CONSENT REVOKED,CONSENT REVOKED,CONSENT REVOKED,CONSENT REVOKED
61365d93bcd30b89e3b2b5a7,61365adad6c11ea09367997b,APPROVED,27:36.9,43:22.5,945.585,26,1,0,100,37:48.2,3D699F4F,DATA EXPIRED,United Kingdom,DATA EXPIRED,Italian,Italy,Female,DATA EXPIRED
61365d985e8c7400af580544,613136eccda4c8d083922634,APPROVED,27:42.1,38:56.9,674.773,18,11,0,100,37:48.3,3D699F4F,United Kingdom,United Kingdom,Part-Time,English,Ireland,Male,Yes
61365db0eaee6041ab8c0d1e,5cffbe112d2abc0016392d2c,APPROVED,28:03.2,35:57.5,474.309,37,76,1,100,37:48.4,3D699F4F,United Kingdom,United Kingdom,DATA EXPIRED,DATA EXPIRED,United Kingdom,Female,DATA EXPIRED
61365dc5efcee7c5ff82d15f,6124dd97dfd427e86d56aa61,APPROVED,28:26.5,39:03.7,637.21,32,9,0,100,37:48.4,3D699F4F,South Africa,South Africa,Full-Time,DATA EXPIRED,South Africa,Male,No
61365ddf07f139ba4e172ce8,60fcb4c37208c8767dc9f29f,APPROVED,28:49.7,34:10.8,321.096,24,9,0,100,37:48.5,3D699F4F,United States,United States,Part-Time,English,United States,Female,Yes
61365de8f8917cd96948f1ba,611f6abc9ff422d6b59886e0,APPROVED,32:04.7,44:27.1,742.466,29,15,0,100,37:48.6,3D699F4F,South Africa,South Africa,Part-Time,DATA EXPIRED,South Africa,Male,No
61365df15b1939fd886bd8f8,613277db43786e39607cb4a9,APPROVED,29:08.6,35:49.2,400.598,20,9,0,100,37:48.6,3D699F4F,United States,United States,Part-Time,English,United States,Male,Yes
61365e05ebcd317536de261f,611e030176c8fe4123459f5d,RETURNED,29:39.2,,9126.791177,27,16,1,95,,,CONSENT REVOKED,CONSENT REVOKED,CONSENT REVOKED,CONSENT REVOKED,CONSENT REVOKED,CONSENT REVOKED,CONSENT REVOKED
61365e23bd6f7fe43f7e1298,611b72c890ef04b338fc839f,RETURNED,30:11.0,,9094.963178,30,15,0,100,,,CONSENT REVOKED,CONSENT REVOKED,CONSENT REVOKED,CONSENT REVOKED,CONSENT REVOKED,CONSENT REVOKED,CONSENT REVOKED
61365e371b687f92fd85901f,610712ca05466a0809f399dd,RETURNED,41:00.5,,8445.543688,28,25,0,100,,,CONSENT REVOKED,CONSENT REVOKED,CONSENT REVOKED,CONSENT REVOKED,CONSENT REVOKED,CONSENT REVOKED,CONSENT REVOKED
61365e4c7ab20aea5b9d1ca5,5d6faa07cfe0a400178f8f4e,RETURNED,30:40.3,,9065.741205,26,120,1,99,,,CONSENT REVOKED,CONSENT REVOKED,CONSENT REVOKED,CONSENT REVOKED,CONSENT REVOKED,CONSENT REVOKED,CONSENT REVOKED
61365e4fe31f29876433d055,5e967287118edf0fd9824bc2,APPROVED,30:39.2,40:13.7,574.523,47,147,0,100,37:48.8,3D699F4F,Chile,Chile,Full-Time,Spanish,Chile,Female,No
61365e56355316805f58e7ce,612b7eb67c204a70d3128ef6,APPROVED,31:00.3,42:05.3,665.029,19,18,0,100,37:48.8,3D699F4F,South Africa,South Africa,Full-Time,Gujarati,South Africa,Male,Yes
61365e578d10918d3a46bcd6,6108092e51cc80cd7f954006,APPROVED,30:53.8,38:56.0,482.224,34,25,1,99,37:48.9,3D699F4F,United States,United States,Full-Time,English,United States,Female,No
61365e7ca471d176a1d498a6,60fed713147b66c4dae8f662,APPROVED,31:24.1,39:57.9,513.801,21,16,0,100,37:49.0,NOCODE,Poland,Poland,Full-Time,Polish,Poland,Male,No
61365e8f2c3f204b1827f54f,6129382214e086ef79a3863c,APPROVED,33:53.9,56:25.2,1351.222,22,16,0,100,37:49.1,3D699F4F,Latvia,Latvia,Full-Time,Latvian,Latvia,Female,Yes
61365eb0c5c8d940835dc791,6134d8382d31d6715b45d6db,APPROVED,32:20.8,44:12.9,712.118,30,2,0,100,37:49.1,3D699F4F,DATA EXPIRED,United States,Full-Time,English,United States,Male,No
61365eb747c25029a02505aa,613258c1ab0f50408a654f26,APPROVED,32:28.1,57:11.3,1483.162,29,9,0,100,37:49.2,3D699F4F,DATA EXPIRED,United States,Full-Time,English,United States,Male,No
61365ebc7135b3169cbc87c8,612e03ea50d12b477bf728d3,APPROVED,32:35.0,39:19.8,404.747,41,12,0,100,37:49.3,3D699F4F,United States,United States,Full-Time,English,United States,Male,DATA EXPIRED
61365ebe809d30b8e02bff33,61079c6d594478859aa1d5f4,APPROVED,32:42.7,41:39.6,536.881,18,22,0,100,37:49.4,3D699F4F,United States,United States,Part-Time,English,United States,Female,Yes
61365ebee0cbb61cf5145832,611e25b39724f47936d0dcab,APPROVED,35:01.0,45:09.5,608.512,26,5,0,100,37:49.5,3D699F4F,South Africa,South Africa,Part-Time,DATA EXPIRED,South Africa,Female,Yes
61365ec7328a1b5493ebc849,613248f1b5584edff3c5dfae,APPROVED,32:42.4,49:55.6,1033.162,25,5,0,100,37:49.5,3D699F4F,France,France,Full-Time,French,France,Female,No
61365ec75b1e281a071dead1,5f25669cd78f1f1ede77814f,APPROVED,32:41.0,39:43.6,422.66,21,112,1,100,37:49.6,3D699F4F,Poland,Poland,Full-Time,Polish,Poland,Male,No
61365ec8c1c76fa0107131af,61293978026432b04a783c80,RETURNED,32:45.4,,8940.824133,33,26,1,99,,,CONSENT REVOKED,CONSENT REVOKED,CONSENT REVOKED,CONSENT REVOKED,CONSENT REVOKED,CONSENT REVOKED,CONSENT REVOKED
61365ee77ce7b635e5697df7,61348c0c57d5031ea0dd0fd5,APPROVED,33:37.3,40:49.1,431.801,22,5,0,100,37:49.7,3D699F4F,Germany,Germany,Due to start a new job within the next month,German,Germany,Female,Yes
61365f1960d41dd0daeb4f14,6102e96ea45b5d8338794d76,APPROVED,34:02.0,44:10.2,608.213,32,18,0,100,37:49.8,3D699F4F,South Africa,South Africa,Full-Time,DATA EXPIRED,South Africa,Female,Yes
61365f1f160d32fb5dbfdde0,613650d5277a668ae943c5b0,APPROVED,34:26.4,42:49.7,503.287,19,1,0,100,37:49.9,3D699F4F,United Kingdom,United Kingdom,"Not in paid work (e.g. homemaker', 'retired or disabled)",English,United Kingdom,Female,Yes
61365f3f4b0b17b8e6935fbc,61169471f89c4f729d0ecb09,APPROVED,34:41.3,42:40.3,479.056,21,10,0,100,37:49.9,3D699F4F,United States,United States,Part-Time,English,United States,Female,Yes
61365f4c56551be8e3139445,612ea951fe0c1230368c1f14,APPROVED,34:55.9,42:07.4,431.453,19,18,0,100,37:50.0,3D699F4F,United States,United States,Full-Time,English,United States,Female,Yes
61365f6f89f12c574303b25f,5c2547cbc93fd700018435da,APPROVED,35:31.1,42:57.2,446.131,28,215,1,100,37:50.1,3D699F4F,Mexico,Mexico,Full-Time,Spanish,Mexico,Female,No
61365f751342b92feeb5a0a6,612e62a4f3ae5cd2e734f4f2,APPROVED,40:13.8,48:45.4,511.613,36,5,0,100,37:50.2,3D699F4F,United States,United States,Full-Time,English,United States,Male,No
61365f77b0c0d5b91bba0ffe,61277cd958f73a280237422d,APPROVED,35:43.1,01:49.8,1566.664,28,18,0,100,37:50.2,3D699F4F,South Africa,South Africa,Full-Time,DATA EXPIRED,South Africa,Female,Yes
61365f7d1c48da9e275dee61,610c2943177281258684f01e,APPROVED,36:20.2,52:09.9,949.692,28,28,1,99,37:50.3,3D699F4F,South Africa,South Africa,Full-Time,DATA EXPIRED,South Africa,Female,Yes
61365f7e7552e75bb00aca74,612f3998ca1671b839c24e2a,APPROVED,35:51.9,42:55.8,423.896,46,24,1,99,37:50.4,3D699F4F,DATA EXPIRED,United States,Full-Time,DATA EXPIRED,United States,Male,DATA EXPIRED
61365f886b1d34923e1351ea,611d1134bcc4eda812acf219,APPROVED,35:56.4,11:30.9,2134.416,34,14,1,98,37:50.5,3D699F4F,Zimbabwe,South Africa,Full-Time,DATA EXPIRED,Zimbabwe,Male,Yes
61365fbaba3522ae80002e35,6111239405a2c9f6bc9812a4,APPROVED,36:45.2,42:44.9,359.693,30,8,0,100,37:50.5,3D699F4F,United States,United States,Full-Time,English,United States,Female,No
61365fbfd092ac6f0780eabf,603fda0a4fd86b1385c5d9c8,APPROVED,36:47.9,44:35.6,467.716,19,62,0,100,37:50.6,3D699F4F,Paraguay,United Kingdom,Unemployed (and job seeking),Spanish,Paraguay,Female,Yes
61365fbff818580a29b87498,612b99765126d0363b322325,APPROVED,36:50.2,45:02.1,491.855,18,4,0,100,37:50.7,3D699F4F,United States,United States,DATA EXPIRED,English,United States,Female,Yes
61365fc0b0cb7a81ec2138b0,60fba1203c2b32708cb239ef,APPROVED,36:48.4,45:58.5,550.101,29,27,0,100,37:50.8,3D699F4F,South Africa,South Africa,Full-Time,DATA EXPIRED,South Africa,Female,No
61365fc3669e68e6795914d9,5eea2a70bff1be0da1efd564,APPROVED,37:08.8,52:25.7,916.897,25,42,0,100,37:50.8,3D699F4F,South Africa,South Africa,Full-Time,Afrikaans,South Africa,Female,Yes
61365fdce47951c4b23e1821,6129dc084c55f609fd62f0bc,APPROVED,37:32.0,52:40.7,908.658,28,10,0,100,37:50.9,3D699F4F,South Africa,South Africa,Part-Time,DATA EXPIRED,South Africa,Female,Yes
61365fe1752e9e204a969294,6102e7127e4eb4a944af4161,APPROVED,37:46.5,55:10.5,1043.978,23,15,0,100,37:50.9,3D699F4F,South Africa,South Africa,Other,DATA EXPIRED,South Africa,Female,Yes
61365fe479296ea868194801,6109b9e6abe557140d4ede68,APPROVED,37:27.6,50:54.3,806.787,22,34,0,100,37:51.0,3D699F4F,United States,United States,Unemployed (and job seeking),English,United States,Female,No
61365fe513015d9605c5f125,6128e8bdf0c6e11c933bacdf,APPROVED,37:36.7,48:11.7,635.07,20,10,1,99,37:51.1,3D699F4F,South Africa,South Africa,DATA EXPIRED,Afrikaans,South Africa,Male,No
61365fe539703991afcf364e,611cf827a7bae2551108047b,TIMED-OUT,45:33.8,,8172.849788,24,9,1,99,,,South Africa,South Africa,Full-Time,DATA EXPIRED,South Africa,Male,No
61365fe7c7bff57a384f1f53,5d3f34ea8d82dd0001e04247,APPROVED,37:30.4,45:21.9,471.51,29,194,1,100,37:51.2,3D699F4F,Mexico,Mexico,Full-Time,DATA EXPIRED,Mexico,Male,No
61365ff1089c852d8c7a627a,61157d170c26d85a7eb04dfa,APPROVED,37:51.0,50:28.3,757.285,32,13,0,100,37:51.3,3D699F4F,South Africa,South Africa,Unemployed (and job seeking),DATA EXPIRED,South Africa,Male,Yes
61365ffe5b1939fd886bd91e,61271fb0348f95328e3af835,RETURNED,37:56.8,,8629.908558,20,5,0,100,,,CONSENT REVOKED,CONSENT REVOKED,CONSENT REVOKED,CONSENT REVOKED,CONSENT REVOKED,CONSENT REVOKED,CONSENT REVOKED
61365fffc71ceb84d58b8fda,611da333e7f3030dc1f78fcb,APPROVED,39:09.8,52:43.6,813.783,21,9,0,100,37:51.4,3D699F4F,South Africa,South Africa,Other,Swahili,South Africa,Male,Yes
6136600289f12c574303b26b,6123977a1e187f17caca4325,APPROVED,38:04.7,50:31.1,746.412,26,12,0,100,37:51.5,3D699F4F,South Africa,South Africa,Unemployed (and job seeking),DATA EXPIRED,South Africa,Female,No
61366006827532718ff13686,612ea926374f6bb3a45dd488,APPROVED,42:18.1,52:15.4,597.29,28,11,0,100,37:51.6,3D699F4F,South Africa,South Africa,DATA EXPIRED,DATA EXPIRED,South Africa,Female,No
61366006b6e739884a48a31d,610f855e849f1143e741e354,APPROVED,38:08.1,49:54.1,705.979,31,8,0,100,37:51.7,3D699F4F,Zambia,South Africa,Full-Time,DATA EXPIRED,South Africa,Female,No
6136600710817216f5c988c2,612e0ac9c302172a95b1d175,APPROVED,38:07.9,48:47.0,639.12,21,10,0,100,37:51.7,3D699F4F,South Africa,South Africa,Part-Time,DATA EXPIRED,South Africa,Female,Yes
61366008ad7b04eafea60bb5,5f3968222efa0a4ecb089957,APPROVED,38:00.3,45:44.3,463.976,25,125,0,100,37:51.9,3D699F4F,Poland,Poland,Full-Time,Polish,Poland,Female,Yes
6136600a7848bd3d6a3510f7,612ff57404ba5763398484a0,APPROVED,38:06.8,45:11.6,424.826,27,7,0,100,37:51.9,3D699F4F,South Africa,South Africa,Full-Time,Afrikaans,South Africa,Male,No
61366014d06cf5b79824e6cc,611e3f753d4125b3d7086a59,APPROVED,38:18.0,54:09.8,951.828,20,14,0,100,37:52.0,3D699F4F,DATA EXPIRED,South Africa,DATA EXPIRED,DATA EXPIRED,South Africa,Female,Yes
6136601afd8568af9bc628c5,611fb2faf7bb7980ba35606b,APPROVED,39:36.5,54:02.5,865.94,19,20,0,100,37:52.1,3D699F4F,South Africa,South Africa,Part-Time,DATA EXPIRED,South Africa,Male,Yes
613660204aacff063c496882,610c466f18b7e6b4595e818a,APPROVED,38:27.0,47:38.1,551.121,26,38,0,100,37:52.2,3D699F4F,United States,United States,Full-Time,English,United States,Female,No
61366021efcee7c5ff82d178,6121fcb6f0ca90cb620725cf,APPROVED,38:31.0,46:33.4,482.351,23,6,0,100,37:52.3,3D699F4F,South Africa,South Africa,DATA EXPIRED,DATA EXPIRED,South Africa,Female,Yes
6136602ab6e739884a48a320,611ec1b7831f8f9556fe4ab7,APPROVED,43:31.1,52:51.6,560.519,41,20,1,95,37:52.4,3D699F4F,Portugal,Portugal,Full-Time,Portuguese,Portugal,Male,No
61366032def8444a50c7f8b8,6121537a5caf18714e7b2c59,APPROVED,38:47.0,47:35.5,528.414,27,14,0,100,37:52.5,3D699F4F,South Africa,South Africa,Full-Time,DATA EXPIRED,South Africa,Male,No
6136603347f7c09ac300addf,611e9a48014cbb342216c341,APPROVED,38:43.1,51:10.4,747.281,25,10,0,100,37:52.6,3D699F4F,South Africa,South Africa,DATA EXPIRED,DATA EXPIRED,South Africa,Female,No
61366033ef613c4aefc25b49,6112aa865f237cf99d0b0094,APPROVED,40:27.7,55:29.9,902.181,20,21,1,99,37:52.7,3D699F4F,South Africa,South Africa,Other,DATA EXPIRED,South Africa,Male,Yes
61366038882a721c1dab3afb,612be806b734955d25e6a01e,APPROVED,38:51.0,50:40.6,709.64,18,13,0,100,37:52.7,3D699F4F,South Africa,South Africa,Other,DATA EXPIRED,South Africa,Male,Yes
61366039d9912988c3d72a65,61264f0fe93c98acf3452161,APPROVED,39:02.9,43:48.9,286.005,44,33,0,100,37:52.8,3D699F4F,DATA EXPIRED,United States,Full-Time,DATA EXPIRED,United States,Male,No
6136603c8190728c66201a99,61263930b80f9bb479560e1f,APPROVED,39:06.9,47:20.2,493.322,38,33,0,100,37:52.9,3D699F4F,DATA EXPIRED,United States,Full-Time,DATA EXPIRED,United States,Male,DATA EXPIRED
6136603ca02d691c734dda4f,61251abe7773ddaba9f0ef1e,APPROVED,38:58.8,50:25.8,686.974,22,20,0,100,37:53.0,3D699F4F,South Africa,South Africa,Unemployed (and job seeking),DATA EXPIRED,South Africa,Female,No
6136603daed08e055a378afd,612660bd41354d9b450150ad,APPROVED,38:56.7,50:57.5,720.842,26,21,1,99,37:53.1,3D699F4F,Zimbabwe,South Africa,Full-Time,DATA EXPIRED,Zimbabwe,Male,No
613660410c6ef32c215d8e87,6111126ccafddf7946cc7849,APPROVED,39:10.6,51:32.8,742.109,40,12,0,100,37:53.2,3D699F4F,United States,United States,Full-Time,English,United States,Male,DATA EXPIRED
6136604b6033bc62f92053f2,61123a4cb41ebcdbdbde3aa6,APPROVED,39:29.1,54:53.8,924.704,22,4,0,100,37:53.3,3D699F4F,South Africa,South Africa,Unemployed (and job seeking),DATA EXPIRED,South Africa,Female,Yes
6136604c9d43514e98bb592e,60fd5ac8744452c6f69ee227,APPROVED,39:11.5,48:59.3,587.815,20,24,0,100,37:53.4,3D699F4F,France,France,Other,French,France,Female,Yes
61366051e0cbb61cf514584c,61327b461d2f2f96b0d47aae,APPROVED,39:15.9,46:39.0,443.026,25,3,0,100,37:53.5,3D699F4F,United States,United States,Full-Time,English,United States,Male,No
6136605413015d9605c5f12b,61301fcb49db2f170cb02b93,APPROVED,39:16.8,49:43.5,626.695,23,11,0,100,37:53.5,3D699F4F,South Africa,South Africa,Unemployed (and job seeking),Afrikaans,South Africa,Male,Yes
6136605beb05241b4ec046cc,612aa56817980090b55496c0,APPROVED,39:27.1,50:33.5,666.392,43,13,0,100,37:53.6,3D699F4F,United States,United States,Full-Time,English,United States,Male,No
6136605bef4d9445e114d1d5,612f3bc5917400184d983bcf,APPROVED,39:28.7,49:13.0,584.305,26,11,0,100,37:53.7,3D699F4F,South Africa,South Africa,Full-Time,DATA EXPIRED,South Africa,Female,No
6136606705fe0fde017015ba,6130c76679332e0265c04344,APPROVED,39:38.0,56:14.0,996.032,40,2,0,100,37:53.8,3D699F4F,DATA EXPIRED,United States,Full-Time,DATA EXPIRED,United States,Male,DATA EXPIRED
61366069aef724685d356d22,612e4052693c39ad35debf4f,APPROVED,39:40.3,56:46.9,1026.68,32,11,0,100,37:53.9,3D699F4F,South Africa,South Africa,Part-Time,DATA EXPIRED,South Africa,Female,Yes
61366077868a5fcafcb5601c,612dee62b4ac6d399a520347,APPROVED,39:58.5,53:54.8,836.297,30,17,0,100,37:53.9,3D699F4F,South Africa,South Africa,Full-Time,DATA EXPIRED,South Africa,Female,No
61366078e8b53df2cf29be68,611df519c60f96849b7b4d92,TIMED-OUT,39:58.2,,8509.117212,28,17,0,100,,,South Africa,South Africa,Full-Time,DATA EXPIRED,South Africa,Male,No
6136609212e2e5772348855b,61251c2fc253fd0b4be31eef,APPROVED,40:18.2,57:43.4,1045.292,25,17,0,100,37:54.1,3D699F4F,South Africa,South Africa,Unemployed (and job seeking),DATA EXPIRED,South Africa,Male,Yes
6136609808c1f324e43a1615,6127735582776ab2fd1f3b99,APPROVED,42:21.6,54:12.7,711.151,21,17,1,99,37:54.2,3D699F4F,South Africa,South Africa,Full-Time,DATA EXPIRED,South Africa,Female,Yes
61366098457dac2b70902202,612788f5e8ba73a21ee13232,APPROVED,42:50.9,56:09.6,798.662,25,22,0,100,37:54.3,3D699F4F,South Africa,South Africa,Other,DATA EXPIRED,South Africa,Female,Yes
6136609b14ef5643f055b19d,61262130daa11186c41612a1,APPROVED,40:27.3,55:21.2,893.857,22,7,0,100,37:54.4,3D699F4F,South Africa,South Africa,Unemployed (and job seeking),DATA EXPIRED,South Africa,Female,No
613660a00abf1112db5c4121,612f4c6f70114026535f86cb,APPROVED,40:38.4,54:42.5,844.085,29,8,0,100,37:54.4,3D699F4F,South Africa,South Africa,Part-Time,Afrikaans,South Africa,Female,No
613660a4aee98f22cf8c456a,612e802e23a385f7f9667807,APPROVED,40:38.7,47:44.9,426.235,26,9,0,100,37:54.5,3D699F4F,United Kingdom,United Kingdom,Full-Time,English,United Kingdom,Male,No
613660bc8b7986db4ab35617,6101420bbac317eb7b2110d1,APPROVED,41:04.6,47:34.6,389.948,23,44,0,100,37:54.6,3D699F4F,United States,United States,Due to start a new job within the next month,English,United States,Female,No
613660c05bbd44a013cc100c,6132cc931d18eb3ce734accf,APPROVED,41:07.8,54:36.0,808.188,55,21,0,100,37:54.7,3D699F4F,United States,United States,Full-Time,English,United States,Male,No
613660c8144caaee34d6d216,60f419a1eaaf47d521bf03f7,RETURNED,41:17.4,,8430.025456,25,12,1,99,,,CONSENT REVOKED,CONSENT REVOKED,CONSENT REVOKED,CONSENT REVOKED,CONSENT REVOKED,CONSENT REVOKED,CONSENT REVOKED
613660c8913309c76bd61904,613657ed35fb7a42e10522e8,APPROVED,41:16.7,55:55.8,879.162,34,1,0,100,37:54.8,3D699F4F,Germany,Germany,DATA EXPIRED,German,Germany,Female,Yes
613660cc79ea45165687f760,610c2c5431e82ab8ed0254df,APPROVED,41:31.9,52:41.3,669.357,31,23,0,100,37:54.9,3D699F4F,South Africa,South Africa,Full-Time,DATA EXPIRED,South Africa,Female,No
613660cd05403b4c29ed3311,611d53839b2655055b6d2de3,APPROVED,41:21.6,06:20.6,1499.057,22,15,1,99,37:55.0,3D699F4F,South Africa,South Africa,Unemployed (and job seeking),DATA EXPIRED,South Africa,Male,No
613660d71342b92feeb5a0c7,5c5f2a7a5b87820001c4fa2d,APPROVED,41:30.8,47:45.9,375.19,40,28,0,100,37:55.0,3D699F4F,United States,Denmark,"Not in paid work (e.g. homemaker', 'retired or disabled)",DATA EXPIRED,United States,Female,No
613660e8d488292e20a7412e,5ec6fb5376e1ca14198c2dd4,APPROVED,41:44.2,56:24.7,880.538,27,126,2,100,37:55.1,3D699F4F,Portugal,Portugal,Full-Time,Portuguese,Portugal,Male,No
613660f757d876d3865f3229,612383021976c4e2cac79581,APPROVED,42:16.9,53:45.0,688.015,24,18,0,100,37:55.2,3D699F4F,South Africa,South Africa,DATA EXPIRED,DATA EXPIRED,South Africa,Female,Yes
6136610913d58747948c4ecb,61326399c4cb4f48f72f9847,APPROVED,42:25.0,48:55.1,390.119,31,17,0,100,37:55.3,3D699F4F,United States,United States,Other,English,United States,Female,No
6136610fa0ed1cf5a6988f6e,61307f2dc1954f2e8cf665ad,APPROVED,42:34.2,57:17.5,883.328,23,7,0,100,37:55.4,3D699F4F,South Africa,South Africa,DATA EXPIRED,DATA EXPIRED,South Africa,Male,DATA EXPIRED
6136611256551be8e3139452,61244abbdd2237f5cfe4be33,APPROVED,44:25.2,03:34.2,1148.964,27,8,1,98,37:55.4,3D699F4F,South Africa,South Africa,Unemployed (and job seeking),DATA EXPIRED,South Africa,Female,No
6136611a65aad5983330ad7e,611d5724033dc55f912868b7,APPROVED,42:53.7,04:45.0,1311.22,22,8,0,100,37:55.5,3D699F4F,South Africa,South Africa,Other,DATA EXPIRED,South Africa,Female,Yes
6136611ae2ad16bff0a93817,612d02c843febced134c8fd4,APPROVED,42:49.9,51:38.3,528.408,22,17,0,100,37:55.6,3D699F4F,South Africa,South Africa,Unemployed (and job seeking),DATA EXPIRED,South Africa,Female,Yes
61366120f8b4b3e24423f1e9,6132960f8433c5af662ac5a0,APPROVED,42:41.9,48:12.1,330.108,23,13,0,100,37:55.7,3D699F4F,United States,United States,Full-Time,English,United States,Female,No
6136612a963b80e311d5ae25,5ed3b2b3397ebb01e2c64923,APPROVED,42:58.4,49:09.9,371.496,44,93,0,100,37:55.8,3D699F4F,France,Portugal,Full-Time,Portuguese,Portugal,Male,No
6136612dee073d6d40343170,61176bf49777cbfb341a34ae,RETURNED,42:57.3,,8330.448166,36,18,0,100,,,CONSENT REVOKED,CONSENT REVOKED,CONSENT REVOKED,CONSENT REVOKED,CONSENT REVOKED,CONSENT REVOKED,CONSENT REVOKED
61366131e21c2e145aeb9f6c,610029845db21a6ea450c634,APPROVED,43:09.6,50:04.3,414.729,24,26,0,100,37:55.9,3D699F4F,Mexico,Mexico,Full-Time,Spanish,Mexico,Female,No
61366133e76de2e912f84c40,611f945235cd46054901eb7a,APPROVED,43:05.6,54:40.9,695.264,22,24,0,100,37:56.0,3D699F4F,South Africa,South Africa,Unemployed (and job seeking),DATA EXPIRED,South Africa,Female,Yes
6136614136d2a85ef742009a,613417e059ca91f4b94d4711,APPROVED,43:21.1,48:27.3,306.191,31,8,0,100,37:56.0,3D699F4F,United States,United States,Full-Time,English,United States,Male,No
6136615579ea45165687f769,6120adeebf46378aa7b24ed7,APPROVED,47:02.1,01:48.9,886.823,24,20,0,100,37:56.1,3D699F4F,South Africa,South Africa,Unemployed (and job seeking),DATA EXPIRED,South Africa,Female,No
6136615802abf7f8a135a657,5e673473c34e834b3e6167b8,APPROVED,43:36.0,56:50.6,794.587,19,194,0,100,37:56.2,3D699F4F,Poland,Poland,Full-Time,Polish,Poland,Male,Yes
6136615ce418808d1570e768,612537b2bd6b4a38f4e7f63a,APPROVED,44:15.5,59:07.1,891.585,32,19,1,99,37:56.3,3D699F4F,South Africa,South Africa,Part-Time,DATA EXPIRED,South Africa,Male,Yes
6136615d534f571723126dc4,6125373ae74110fa103c1201,APPROVED,43:44.9,53:59.2,614.304,28,21,0,100,37:56.3,3D699F4F,South Africa,South Africa,Full-Time,DATA EXPIRED,South Africa,Female,No
6136615dfd06d599c4587a68,612d54b792c80674acfa9f27,APPROVED,43:45.7,50:37.2,411.576,47,19,0,100,37:56.4,3D699F4F,United States,United States,DATA EXPIRED,English,United States,Male,No
613661668f8786bee4fd1a41,5a8d952b17ef35000170d583,APPROVED,44:39.4,54:25.1,585.659,25,66,0,100,37:56.5,3D699F4F,United Kingdom,United Kingdom,DATA EXPIRED,English,United Kingdom,Female,DATA EXPIRED
6136616e83bebb8d74920150,60f32f4226cf00e90d5f7f2a,APPROVED,43:58.8,50:13.9,375.12,24,19,0,100,37:56.6,3D699F4F,Czech Republic,Czech Republic,Full-Time,Czech,Czech Republic,Male,No
61366173ed2ad6e731f6fa87,6123f3cb7b956a84897292f4,APPROVED,46:38.1,01:17.8,879.728,25,17,0,100,37:56.6,3D699F4F,South Africa,South Africa,Unemployed (and job seeking),DATA EXPIRED,South Africa,Female,No
613661770e219327c921880e,60f7243e9ebe327c14ffab46,APPROVED,45:30.5,59:23.4,832.949,23,17,0,100,37:56.7,3D699F4F,Greece,Greece,Full-Time,Greek,Greece,Female,No
61366178379251a1289ce26e,61215e3aa4bfb36533f6c77c,APPROVED,45:45.3,01:09.9,924.547,22,14,0,100,37:56.8,3D699F4F,South Africa,South Africa,Full-Time,DATA EXPIRED,South Africa,Male,DATA EXPIRED
6136617a5e54ce5827d93472,61315b1ab3c739cc59d4840b,APPROVED,44:38.6,57:42.6,783.967,20,5,0,100,37:56.9,3D699F4F,South Africa,South Africa,Unemployed (and job seeking),DATA EXPIRED,South Africa,Male,Yes
6136617b28bccf1faac3849c,612e0a2c8041f53b509789d8,APPROVED,46:29.3,53:17.3,408.007,50,19,0,100,37:57.0,3D699F4F,DATA EXPIRED,United States,Other,DATA EXPIRED,United States,Male,DATA EXPIRED
6136617f2ebc769047375bce,60fd59a85fe37ebeca00bd18,APPROVED,44:37.1,53:29.8,532.733,26,19,0,100,37:57.1,3D699F4F,Argentina,Finland,Full-Time,Spanish,Argentina,Female,No
6136617f8190728c66201aa8,612762574fd151ff67a8bd9e,APPROVED,46:33.1,27:28.0,2454.936,47,20,0,100,37:57.1,3D699F4F,DATA EXPIRED,United States,Full-Time,DATA EXPIRED,United States,Male,DATA EXPIRED
6136617fe418808d1570e76d,6126a801ffe22c6279c923b2,APPROVED,45:46.6,55:54.7,608.145,22,19,0,100,37:57.2,3D699F4F,South Africa,South Africa,DATA EXPIRED,DATA EXPIRED,South Africa,Female,Yes
61366194ef280ab473cfb8e0,613132ab48e88378cd1afee5,APPROVED,44:43.6,07:05.6,1342.026,32,4,0,100,37:57.3,3D699F4F,Lesotho,South Africa,Unemployed (and job seeking),DATA EXPIRED,South Africa,Female,Yes
61366198896673f65a03c7f2,59875893b24ef30001419ddb,APPROVED,44:42.6,9/6/21 18:50,350.381,30,484,19,94,37:57.3,3D699F4F,United Kingdom,United Kingdom,DATA EXPIRED,English,United Kingdom,Female,DATA EXPIRED
6136619ae8682f1aecf4a118,6100488521694d6ec1e3d0d6,APPROVED,44:46.8,53:36.0,529.232,23,14,0,100,37:57.4,3D699F4F,United States,United States,Full-Time,English,United States,Female,No
613661a28243ccdcdfd80ce5,611d958c367e0d4b7622f912,APPROVED,52:02.0,06:32.6,870.593,25,12,0,100,37:57.5,3D699F4F,South Africa,South Africa,Unemployed (and job seeking),DATA EXPIRED,South Africa,Female,Yes
613661a2a76aca18e2c29c59,61312157816d5cf3ec8ca39f,APPROVED,44:54.2,54:06.6,552.434,28,18,0,100,37:57.6,3D699F4F,United Kingdom,United Kingdom,Full-Time,English,United Kingdom,Female,No
613661ace76de2e912f84c52,61262a5bc13139179a45c068,APPROVED,45:00.9,51:54.0,413.108,24,19,0,100,37:57.6,3D699F4F,Netherlands,Netherlands,Full-Time,Dutch,Netherlands,Female,No
613661b35fa1cab3363e51fd,611fcf3b77c67107f7204ef3,APPROVED,45:33.8,04:28.1,1134.353,22,9,0,100,37:57.7,3D699F4F,South Africa,South Africa,Unemployed (and job seeking),DATA EXPIRED,South Africa,Female,Yes
613661c047842ed3035b0a36,61281cd2e2314d78739a102f,TIMED-OUT,45:40.5,,8167.756267,28,10,0,100,,,United States,United States,DATA EXPIRED,DATA EXPIRED,United States,Male,No
613661c9669e68e679591508,611cea1f2ddfa44a43b61a0c,APPROVED,45:29.6,54:48.5,558.977,21,17,1,99,37:57.8,3D699F4F,South Africa,South Africa,Part-Time,DATA EXPIRED,South Africa,Female,Yes
613661d7550a610cf0e30c31,610712983bc34f461900ddc6,APPROVED,45:44.0,55:13.6,569.67,27,25,0,100,37:57.9,3D699F4F,Mexico,Mexico,Full-Time,Spanish,Mexico,Male,No
6136620457d876d3865f3235,612688a93f07c0a8f01d22f5,APPROVED,46:33.9,57:23.7,649.827,22,9,0,100,37:58.0,3D699F4F,South Africa,South Africa,Part-Time,DATA EXPIRED,South Africa,Male,Yes
6136620a75871af44214d4ca,612e1df9913c996adb2a42a6,APPROVED,46:39.6,54:58.3,498.765,63,26,1,97,37:58.1,3D699F4F,United States,United States,Full-Time,English,United States,Female,No
6136620ec71c05fcb84e2daf,61196818d449cc4dbd635050,APPROVED,46:47.1,57:14.5,627.385,46,22,1,98,37:58.2,3D699F4F,South Africa,South Africa,Full-Time,Afrikaans,South Africa,Male,No
6136620f3aa7020084ac57d5,6127cc44335e911e4c083f8f,APPROVED,50:23.8,59:40.5,556.765,19,11,1,94,37:58.3,3D699F4F,Poland,Poland,Full-Time,Polish,Poland,Female,Yes
613662213b1e65cc0b978a3e,5ccdd620f7c81b001379d893,APPROVED,46:57.4,28:22.3,2484.914,29,74,0,100,37:58.3,3D699F4F,Chile,Chile,Full-Time,Spanish,Chile,Female,No
61366235e47951c4b23e183b,6109eb08329f8084a5d35d03,APPROVED,53:32.6,07:56.6,864.021,21,31,0,100,37:58.4,3D699F4F,Canada,Canada,Full-Time,English,Canada,Female,No
61366237a9dd6dc7df67339b,60fa8de06b4d98fa4621e303,APPROVED,47:19.7,52:57.6,337.836,25,21,0,100,37:58.5,3D699F4F,Poland,Poland,Full-Time,Polish,Poland,Male,Yes
6136624fe1525840888961ac,612804c954367d3bf1b712c7,APPROVED,47:52.3,58:22.3,629.953,19,6,0,100,37:58.6,3D699F4F,DATA EXPIRED,South Africa,DATA EXPIRED,DATA EXPIRED,South Africa,Male,DATA EXPIRED
6136625080173af66441c1c3,611fbfae3ce6f9dfaa946f69,RETURNED,47:57.1,,8031.30112,30,25,1,100,,,CONSENT REVOKED,CONSENT REVOKED,CONSENT REVOKED,CONSENT REVOKED,CONSENT REVOKED,CONSENT REVOKED,CONSENT REVOKED
613662546a7addd666e96bed,6109096759364a18564d31a3,APPROVED,47:51.4,53:57.9,366.461,29,31,1,96,37:58.6,3D699F4F,United States,United States,Other,English,United States,Female,No
61366255d73d54d15911b1f6,61361a2ba712ea1231d1b3db,APPROVED,48:20.0,00:24.5,724.479,53,3,0,100,37:58.7,3D699F4F,South Africa,South Africa,Full-Time,DATA EXPIRED,South Africa,Female,No
6136625e05fe0fde017015d8,613266b3faa618c2ed68492e,RETURNED,48:01.1,,8027.363699,20,8,0,100,,,CONSENT REVOKED,CONSENT REVOKED,CONSENT REVOKED,CONSENT REVOKED,CONSENT REVOKED,CONSENT REVOKED,CONSENT REVOKED
6136626538a5d1c8d67e546c,610d3bff2b585e5462ea11c0,APPROVED,48:05.5,57:39.4,573.87,46,19,0,100,37:58.8,3D699F4F,Czech Republic,Czech Republic,Full-Time,Czech,Czech Republic,Female,No
61366267ce5b9447203f8880,6106d793c65a4fdeabbe6a87,APPROVED,48:10.7,02:32.9,862.214,23,2,0,100,37:58.9,3D699F4F,United States,United States,Full-Time,English,United States,Female,No
6136626f8847bdbd949d533c,6112d1d42adb793cf2ee8fe4,APPROVED,48:44.1,06:48.0,1083.958,33,30,0,100,37:59.0,3D699F4F,South Africa,South Africa,Full-Time,DATA EXPIRED,South Africa,Female,No
6136628462aaad7ac4e16413,611a3c72e768cfb3b07f2b0e,APPROVED,48:40.0,04:30.5,950.501,40,14,0,100,37:59.1,3D699F4F,South Africa,South Africa,Unemployed (and job seeking),DATA EXPIRED,South Africa,Female,No
6136628b22cae38bb96c9bb3,61365a1d7779870efe6bba6a,APPROVED,48:45.3,55:28.6,403.306,45,1,0,100,37:59.2,3D699F4F,United Kingdom,United Kingdom,Part-Time,English,United Kingdom,Female,No
6136628b6518d6b213e29174,6136557069e3f6882200def3,APPROVED,48:52.5,02:57.4,844.985,19,1,0,100,37:59.2,3D699F4F,Canada,Canada,Part-Time,English,Canada,Female,Yes
613662a0f8fbb9b07a0a51c0,6120d90a0d83120b87086355,APPROVED,49:46.0,57:09.1,443.112,44,5,1,96,37:59.3,3D699F4F,Portugal,Portugal,Full-Time,Portuguese,Portugal,Male,No
613662a3e246f5d4f82b27cb,6135179607af5a02d17c0565,APPROVED,49:09.0,56:27.9,438.928,40,7,0,100,37:59.4,3D699F4F,United Kingdom,United Kingdom,Full-Time,English,United Kingdom,Male,No
613662a7dd99c2f16c74ab87,610773c37c957a4e38c46b48,APPROVED,49:16.0,56:03.0,407.008,26,37,0,100,37:59.5,3D699F4F,United States,United States,Full-Time,English,United States,Male,No
613662b171ee8ca5a2fc19cb,5fbce1ea475c291c4527c995,APPROVED,49:36.5,00:07.2,630.726,22,95,2,98,37:59.5,3D699F4F,Poland,Poland,Full-Time,Polish,Poland,Female,Yes
613662b4fd06d599c4587a7b,6128e310f8c34c524eb39ad0,APPROVED,50:53.0,06:52.0,958.971,21,17,0,100,37:59.6,3D699F4F,South Africa,South Africa,Unemployed (and job seeking),DATA EXPIRED,South Africa,Female,No
613662c5f01832b8f16b77fd,612d2130110b50357ee32a7f,APPROVED,49:44.9,03:10.7,805.844,26,11,0,100,37:59.7,3D699F4F,South Africa,South Africa,DATA EXPIRED,DATA EXPIRED,South Africa,Female,No
613662cf3c475be74fa5e2c1,611c64adaf7a503e961833f9,APPROVED,50:16.9,19:13.8,1736.943,23,28,1,99,37:59.8,3D699F4F,Mexico,Mexico,Full-Time,Spanish,Mexico,Male,Yes
613662da2e89ea712bd6de29,6130af605b68f2f11a0e1d56,RETURNED,50:08.7,,7900.029188,41,21,0,100,,,CONSENT REVOKED,CONSENT REVOKED,CONSENT REVOKED,CONSENT REVOKED,CONSENT REVOKED,CONSENT REVOKED,CONSENT REVOKED
613662dee2f9890d36dcc27d,60b82d1a568805f9b20e5167,APPROVED,50:06.3,03:53.6,827.27,27,21,0,100,37:59.9,3D699F4F,South Africa,South Africa,Full-Time,DATA EXPIRED,South Africa,Female,No
613662ef6d5a26530873f3da,60f5714d1535c2a17f07901e,APPROVED,50:30.0,57:32.7,422.689,41,35,1,98,38:00.0,3D699F4F,United States,United States,Full-Time,English,United States,Male,No
613662f1aa9621d65d92d400,610a8dbb651bae4c08c5e18c,APPROVED,50:27.6,13:41.8,1394.197,23,26,0,100,38:00.0,3D699F4F,United States,United States,Unemployed (and job seeking),English,United States,Female,Yes
6136630236d2a85ef74200bc,612fce848026d4ceffd96721,APPROVED,50:48.5,04:52.8,844.335,29,8,0,100,38:00.1,3D699F4F,South Africa,South Africa,Other,DATA EXPIRED,South Africa,Male,Yes
6136630822cae38bb96c9bb8,6118af5a14191b92d94ad94d,APPROVED,52:07.2,31:30.0,2362.848,46,40,1,98,38:00.2,3D699F4F,United States,United States,Full-Time,English,United States,Male,No
6136630f76cc6b84853ef200,6123a00da676a25355e1b319,APPROVED,56:03.9,33:25.5,2241.627,40,12,0,100,38:00.3,3D699F4F,United States,United States,Full-Time,English,United States,Male,No
61366316e3bc33408a48a276,6122e6d256b8f1dcc172b070,APPROVED,56:17.0,34:09.6,2272.587,46,9,0,100,38:00.4,3D699F4F,United States,United States,Full-Time,English,United States,Male,No
6136631c080708718921771f,61127832932c167c5ec1e0be,APPROVED,51:08.4,02:55.2,706.794,22,21,0,100,38:00.5,3D699F4F,Zimbabwe,South Africa,Unemployed (and job seeking),DATA EXPIRED,South Africa,Female,Yes
6136631ce0e5adcfa432951b,6122eaeccd103a8668044f37,APPROVED,56:25.5,34:54.9,2309.434,44,10,0,100,38:00.6,3D699F4F,United States,United States,Full-Time,English,United States,Male,No
61366322ab91b8e10b0b5e16,612338f9b7183edcc78a3a6f,APPROVED,56:32.5,35:10.7,2318.17,49,10,0,100,38:00.7,3D699F4F,United States,United States,Full-Time,English,United States,Male,No
6136632b071156f66a869b1c,612ba848c7054b27bec424b5,APPROVED,51:56.9,21:35.8,1778.828,44,10,0,100,38:00.7,3D699F4F,United States,United States,Full-Time,DATA EXPIRED,United States,Male,DATA EXPIRED
6136632cffde876b49c75c56,61233b4c5f521bfcd48c1af6,APPROVED,56:39.7,36:19.8,2380.089,48,10,0,100,38:00.8,3D699F4F,United States,United States,Full-Time,English,United States,Male,No
613663341e437242b03d6761,61101e15e26736b84d926c76,APPROVED,56:46.5,36:37.6,2391.024,40,6,0,100,38:00.9,3D699F4F,United States,United States,Full-Time,English,United States,Male,No
613663396518d6b213e29180,612c79f8d24f98fab61b66e5,APPROVED,51:48.8,15:17.1,1408.321,46,6,0,100,38:01.0,3D699F4F,United States,United States,Full-Time,DATA EXPIRED,United States,Male,No
6136633d913309c76bd6190e,61104c379f84a5719793fd7b,APPROVED,56:54.4,37:17.7,2423.363,47,7,0,100,38:01.1,3D699F4F,United States,United States,Full-Time,English,United States,Male,No
61366347da51205438577ded,61264ffc74bbe54612debf45,APPROVED,57:01.3,37:35.3,2433.954,38,6,0,100,38:01.2,3D699F4F,United States,United States,Full-Time,English,United States,Male,No
61366348007bcde2b434cfae,612bdd0a311cb8617431f770,APPROVED,52:29.5,04:15.2,705.685,30,10,1,99,38:01.3,3D699F4F,South Africa,South Africa,Full-Time,DATA EXPIRED,South Africa,Female,No
6136634a1fb73d2a115647c3,613654c346a50a094157be19,APPROVED,52:12.8,04:12.6,719.818,24,1,0,100,38:01.3,3D699F4F,Germany,Germany,Part-Time,German,Germany,Female,No
613663529421621c4dcd27e0,6112c60800cbd7a60d570bab,APPROVED,52:04.4,01:42.4,578.012,19,33,0,100,38:01.4,3D699F4F,United States,United States,DATA EXPIRED,English,United States,Female,No
61366354c1538cda607b9455,611d4865288cf8dc5e2533d2,APPROVED,54:04.1,15:26.6,1282.527,31,19,0,100,38:01.5,3D699F4F,South Africa,South Africa,Full-Time,Afrikaans,South Africa,Female,Yes
61366359007bcde2b434cfb1,612be8e83d0711e1ec95c6b7,APPROVED,52:18.9,08:50.7,991.749,55,7,0,100,38:01.6,3D699F4F,DATA EXPIRED,United States,DATA EXPIRED,DATA EXPIRED,United States,Male,DATA EXPIRED
61366388add9c763b6cec66b,612e1cda97d2d5327b797fd4,APPROVED,00:02.4,41:07.5,2465.092,48,5,0,100,11:09.1,3D699F4F,United States,United States,Full-Time,English,United States,Male,No
613663988ab834bbd5d39886,6124359073cca22a80c959f2,RETURNED,53:17.5,,7711.675197,23,6,0,100,,,CONSENT REVOKED,CONSENT REVOKED,CONSENT REVOKED,CONSENT REVOKED,CONSENT REVOKED,CONSENT REVOKED,CONSENT REVOKED
613663ad2fe63b0964afa342,61239d92187d1d276fcea601,APPROVED,54:57.1,12:53.6,1076.487,24,6,0,100,38:01.7,3D699F4F,South Africa,South Africa,Full-Time,DATA EXPIRED,South Africa,Male,Yes
613663b747842ed3035b0a5a,61277b7736ce3db5be7231b2,RETURNED,54:06.0,,7663.209748,25,17,0,100,,,CONSENT REVOKED,CONSENT REVOKED,CONSENT REVOKED,CONSENT REVOKED,CONSENT REVOKED,CONSENT REVOKED,CONSENT REVOKED
613663bf7d9772e9bf9b409b,60c48655811ab33a8f77dd34,APPROVED,00:08.5,12:46.3,757.789,23,36,0,100,38:01.8,3D699F4F,DATA EXPIRED,United Kingdom,DATA EXPIRED,DATA EXPIRED,DATA EXPIRED,DATA EXPIRED,DATA EXPIRED
613663c31fb73d2a115647cb,612897835efe97e2a8a62366,APPROVED,54:02.3,08:58.9,896.61,24,9,0,100,38:01.9,3D699F4F,South Africa,South Africa,Full-Time,DATA EXPIRED,South Africa,Female,No
613663d2bcec9612ccecf2a7,611cd2c6853991c1e8516f00,APPROVED,54:12.9,04:06.8,593.936,39,22,0,100,38:02.0,3D699F4F,United Kingdom,United Kingdom,"Not in paid work (e.g. homemaker', 'retired or disabled)",English,United Kingdom,Female,No
613663dda166678cfee5292e,5e9f383061281c0c4c598dc9,APPROVED,54:25.4,02:08.6,463.219,23,197,2,99,38:02.0,3D699F4F,United Kingdom,United Kingdom,Full-Time,English,United Kingdom,Male,No
613663e7dd99c2f16c74ab9c,60fe11a4948f44537888406d,APPROVED,54:36.8,05:13.9,637.057,24,57,0,100,38:02.1,3D699F4F,United States,United States,Part-Time,English,United States,Female,No
613663eb7c6c91c556b68505,611b25868ddf00fee2e9ff82,APPROVED,54:38.9,01:17.1,398.267,47,20,0,100,38:02.2,3D699F4F,United States,United States,Full-Time,English,United States,Female,No
613663f7e9282be232497840,61123f3ee9bf5d9dd344a796,APPROVED,55:21.1,02:40.9,439.761,23,27,0,100,38:02.3,3D699F4F,South Africa,South Africa,Unemployed (and job seeking),DATA EXPIRED,South Africa,Male,Yes
613663fac1538cda607b9466,610844a211110bcaa4876966,APPROVED,54:54.0,00:42.5,348.592,27,26,0,100,38:02.4,3D699F4F,United States,Canada,Full-Time,English,United States,Female,Yes
613663fb754be2daa7c3bf33,611d7d1b3f79701bae3b4e72,APPROVED,54:58.6,07:00.2,721.629,25,12,0,100,38:02.5,3D699F4F,South Africa,South Africa,Full-Time,DATA EXPIRED,South Africa,Female,Yes
61366400ef280ab473cfb907,611ce17179b26aab2e6547c6,APPROVED,59:12.4,10:35.5,683.044,37,30,0,100,38:02.5,3D699F4F,South Africa,South Africa,Full-Time,DATA EXPIRED,South Africa,Male,No
6136640303cfedbf210940b5,61117bc738d1dddbae6511f5,APPROVED,55:01.9,02:08.1,426.138,23,38,0,100,38:02.6,3D699F4F,United States,United States,Full-Time,English,United States,Female,No
61366407b67f49b9c3c61bee,610afdfedb8325ac8a155d00,APPROVED,00:41.2,11:48.8,667.612,25,25,1,99,38:02.7,3D699F4F,Mexico,Mexico,Full-Time,Spanish,Mexico,Female,Yes
6136640bb228a89be11706ff,6107489593ab4f154822fef5,APPROVED,56:28.0,03:03.4,395.433,29,16,1,99,38:02.7,3D699F4F,Mexico,Mexico,Full-Time,Spanish,Mexico,Female,No
6136642a90fda10291c57821,5ff17d1bbbdf7f5b35a0b334,APPROVED,55:49.3,04:55.5,546.155,28,119,2,99,38:02.8,3D699F4F,United Kingdom,United Kingdom,Full-Time,English,United Kingdom,Female,No
61366445bd352809f3174806,61366120ed1810bcc531ce9c,APPROVED,56:13.2,10:02.0,828.844,27,1,0,100,38:02.9,3D699F4F,DATA EXPIRED,South Africa,DATA EXPIRED,DATA EXPIRED,South Africa,Female,DATA EXPIRED
6136644c16cc408bfeb9d95f,612430997fc4cea21588564d,APPROVED,56:18.4,06:14.0,595.638,19,6,0,100,38:03.0,3D699F4F,United States,United States,Unemployed (and job seeking),English,United States,Female,Yes
61366454f534f5fd31de29af,6132410c973e59c5dbbf0cea,APPROVED,56:51.7,14:13.8,1042.102,30,12,0,100,38:03.1,3D699F4F,DATA EXPIRED,United States,Full-Time,English,United States,Male,No
6136645e0ffdcce78213fb50,612f62b38b82ad703eb7a974,APPROVED,56:34.8,25:32.0,1737.169,47,19,0,100,38:03.2,3D699F4F,DATA EXPIRED,United States,Full-Time,English,United States,Male,No
6136646828bccf1faac384c4,5f511bc85eceb72f75a11797,APPROVED,56:40.3,04:48.4,488.128,25,54,0,100,38:03.2,3D699F4F,France,Japan,Unemployed (and job seeking),French,France,Male,Yes
613664733907dc3a76b1266b,612d0dfd9bdc990ba98ddd66,APPROVED,57:07.8,10:35.5,807.743,19,8,0,100,38:03.3,3D699F4F,South Africa,South Africa,Other,DATA EXPIRED,South Africa,Female,Yes
61366479080708718921773d,611e605f8acf7f120f3715e7,APPROVED,56:57.3,10:47.4,830.071,25,22,0,100,38:03.4,3D699F4F,Poland,Poland,Full-Time,Polish,Poland,Female,Yes
6136647d3b1e65cc0b978a6e,610780206be30ed2242dc5e0,APPROVED,00:12.7,13:57.6,824.924,35,38,0,100,38:03.5,3D699F4F,United States,Mexico,"Not in paid work (e.g. homemaker', 'retired or disabled)",DATA EXPIRED,United States,Female,No
6136647ee1e49186b16d4a59,6123fcdd96bb8f469987e525,APPROVED,57:38.0,19:54.9,1336.861,33,15,0,100,38:03.5,3D699F4F,South Africa,South Africa,Full-Time,DATA EXPIRED,South Africa,Male,No
613664825b68d0e8980a1e0f,6128da24dd2b6292c122edb3,APPROVED,57:51.7,06:44.7,533.013,35,20,1,99,38:03.6,3D699F4F,South Africa,South Africa,"Not in paid work (e.g. homemaker', 'retired or disabled)",Afrikaans,South Africa,Female,No
6136648a541550ee88fba5e6,610d45e26c9b141264755d3c,APPROVED,57:18.1,14:13.0,1014.923,20,9,0,100,38:03.7,3D699F4F,South Africa,South Africa,Other,DATA EXPIRED,South Africa,Male,Yes
613664ba7f460dc1376ef308,61253c11d542cccca9cf662a,APPROVED,01:01.4,13:56.5,775.116,22,14,0,100,38:03.8,3D699F4F,South Africa,South Africa,Unemployed (and job seeking),DATA EXPIRED,South Africa,Male,No
613664c4f6b99067ff893b6e,611d3433f7bf2fce4340fa9b,APPROVED,58:18.9,10:36.2,737.31,20,7,0,100,38:03.9,3D699F4F,South Africa,South Africa,Unemployed (and job seeking),Afrikaans,South Africa,Female,Yes
613664c68e71731d36d5e8d2,612bdb5290b04c59c0dc0e62,APPROVED,58:24.3,12:57.0,872.685,20,10,0,100,38:04.0,3D699F4F,South Africa,South Africa,Other,DATA EXPIRED,South Africa,Female,Yes
613664c6d6575e4fc62bfb7f,612ca1d314d818934dfe798f,APPROVED,01:34.1,15:43.3,849.268,21,12,0,100,38:04.1,3D699F4F,South Africa,South Africa,Unemployed (and job seeking),DATA EXPIRED,South Africa,Male,No
613664cde790e43b99b8f481,610852c52467a22bc8cccc09,APPROVED,58:24.3,05:28.5,424.222,21,23,0,100,38:04.1,3D699F4F,United States,United States,Full-Time,English,United States,Female,No
613664d4afd084432b0eddda,5accb373436f5500010037ee,APPROVED,58:31.0,09:38.1,667.082,50,174,4,96,38:04.2,3D699F4F,Chile,Chile,Full-Time,Spanish,Chile,Male,DATA EXPIRED
613664d7496059e93016a3a5,6132837d898d6da0ffeeee59,APPROVED,58:40.3,09:35.4,655.105,24,13,0,100,38:04.4,3D699F4F,United States,United States,Other,English,United States,Female,No
613664ef3bd0a401dbdc4508,6126b0ad82af9ddae18e2d8e,APPROVED,01:52.4,20:00.8,1088.418,31,18,1,99,38:04.4,3D699F4F,South Africa,South Africa,Part-Time,DATA EXPIRED,South Africa,Female,No
613664f22fbccefadbc4cfe1,612fc79628691eabad637591,APPROVED,59:02.0,09:18.7,616.778,23,25,0,100,38:04.5,3D699F4F,United States,United States,"Not in paid work (e.g. homemaker', 'retired or disabled)",English,United States,Female,No
61366502d3c1d0248876b577,5ebc24dce640930009f84985,APPROVED,59:16.1,05:44.8,388.621,31,7,0,100,38:04.6,3D699F4F,United Kingdom,United Kingdom,DATA EXPIRED,English,United Kingdom,Female,DATA EXPIRED
6136650563bd72344ee68cac,610faa6c8d8312a56e172567,APPROVED,59:21.6,15:43.6,982.03,44,17,1,97,38:04.7,3D699F4F,United States,United States,Full-Time,English,United States,Male,No
6136650e9169aea8ea95dec1,60fd85fc2136094ca6a63609,APPROVED,59:28.7,05:28.9,360.154,19,23,1,99,38:04.8,3D699F4F,United States,United States,Full-Time,English,United States,Female,Yes
61366511102aa52a71578029,61217de916b53da848302312,RETURNED,59:38.7,,7331.272066,29,15,0,100,,,CONSENT REVOKED,CONSENT REVOKED,CONSENT REVOKED,CONSENT REVOKED,CONSENT REVOKED,CONSENT REVOKED,CONSENT REVOKED
61366518b1c61dfc8e49c21d,611eb4cfb28943e584e11af0,APPROVED,59:53.9,11:08.7,674.792,25,20,0,100,38:04.8,3D699F4F,Austria,Austria,Full-Time,Tamil,Austria,Female,Yes
61366535dd99c2f16c74aba5,5ff72c244b7a9335bf82f3ad,RETURNED,10:05.6,,6704.389809,28,7,0,100,,,CONSENT REVOKED,CONSENT REVOKED,CONSENT REVOKED,CONSENT REVOKED,CONSENT REVOKED,CONSENT REVOKED,CONSENT REVOKED
6136654b930105a1c9abd997,60edb5e0fd63589ad5907332,APPROVED,00:30.3,13:27.1,776.758,29,6,0,100,38:04.9,3D699F4F,South Africa,South Africa,Unemployed (and job seeking),DATA EXPIRED,South Africa,Female,Yes
6136654d3097bb7501294bff,60e9cb49e6ff7ecfa37ccc96,APPROVED,00:36.6,09:30.6,534.078,23,21,1,99,38:05.0,3D699F4F,Portugal,Portugal,Due to start a new job within the next month,Portuguese,Portugal,Male,Yes
6136654f71ce81f62e910d22,611ce1e5ce1ee850c1dfc9eb,APPROVED,00:38.2,17:09.1,990.916,36,7,0,100,38:05.1,3D699F4F,South Africa,South Africa,Unemployed (and job seeking),DATA EXPIRED,South Africa,Female,No
61366552afa62f306d068adb,612ece761706114d8927f3f7,RETURNED,00:40.4,,7269.633844,30,12,0,100,,,CONSENT REVOKED,CONSENT REVOKED,CONSENT REVOKED,CONSENT REVOKED,CONSENT REVOKED,CONSENT REVOKED,CONSENT REVOKED
6136656bd9912988c3d72aab,612f0339eb721dd78e1f5f8e,APPROVED,09:55.6,46:02.7,2167.05,50,6,0,100,11:09.5,3D699F4F,DATA EXPIRED,United States,DATA EXPIRED,DATA EXPIRED,United States,Male,DATA EXPIRED
6136656febd2bb6890f58aa1,611d2bdbbb45e2c19b40ef96,RETURNED,12:00.1,,6590.039775,34,14,0,100,,,CONSENT REVOKED,CONSENT REVOKED,CONSENT REVOKED,CONSENT REVOKED,CONSENT REVOKED,CONSENT REVOKED,CONSENT REVOKED
61366570b44a6ca73d5236f1,612a33fa92eea6728293e785,APPROVED,01:26.2,19:20.5,1074.312,50,20,0,100,38:05.2,3D699F4F,United States,United States,Full-Time,English,United States,Male,No
61366575355316805f58e80a,612f036b5eb5e4f89737a2bf,APPROVED,09:57.8,46:13.5,2175.682,52,5,0,100,11:09.5,3D699F4F,DATA EXPIRED,United States,DATA EXPIRED,DATA EXPIRED,United States,Male,DATA EXPIRED
613665777baeb13bd128faed,6130c4ad0fb7419fb53b30bb,APPROVED,01:28.1,30:50.4,1762.237,41,17,0,100,38:05.3,3D699F4F,United States,United States,Full-Time,English,United States,Female,No
61366579ef70ee560da07422,612be6db3d387862f6ebe9c2,APPROVED,01:31.1,31:06.3,1775.15,56,21,0,100,38:05.4,3D699F4F,United States,United States,Full-Time,English,United States,Male,No
613665878da12de5a5b91061,6122373042c65d53e89567b1,RETURNED,03:50.6,,7079.574526,29,8,0,100,,,CONSENT REVOKED,CONSENT REVOKED,CONSENT REVOKED,CONSENT REVOKED,CONSENT REVOKED,CONSENT REVOKED,CONSENT REVOKED
6136658fc8faa5c210470667,6126a2b75731d7dcfefa4cc2,APPROVED,08:27.3,23:10.2,882.883,28,13,0,100,38:05.4,3D699F4F,South Africa,South Africa,Full-Time,DATA EXPIRED,South Africa,Female,Yes
61366595a400f6383b195648,610b0ba9dc5a99458d0e9b24,APPROVED,01:45.5,12:57.0,671.472,18,29,0,100,38:05.5,3D699F4F,United States,United States,Other,English,United States,Female,Yes
613665964f0b40ba7932e0e2,6107fb48e610a9e47fbb7e5e,APPROVED,01:46.8,11:57.6,610.763,25,16,0,100,38:05.6,3D699F4F,Czech Republic,Czech Republic,Full-Time,Czech,Czech Republic,Female,No
6136659a4f0b40ba7932e0e4,6127727fb32c3dc88c6afd19,APPROVED,02:04.1,19:47.4,1063.359,23,15,0,100,38:05.7,3D699F4F,South Africa,South Africa,Unemployed (and job seeking),DATA EXPIRED,South Africa,Female,No
613665a471ce81f62e910d2d,610045cb2ff361196216f064,APPROVED,02:48.3,20:25.4,1057.152,24,45,0,100,38:05.8,3D699F4F,United States,United States,Due to start a new job within the next month,English,United States,Female,No
613665b77dff0cf18a751df3,6120153a62e44ca1b6fa08c5,APPROVED,02:18.8,25:13.5,1374.704,27,14,0,100,38:05.9,3D699F4F,South Africa,South Africa,Part-Time,DATA EXPIRED,South Africa,Female,No
613665bac2cfe43f896022dd,5fdea621c0738168159e344c,APPROVED,02:21.4,09:04.5,403.047,29,166,1,100,38:06.0,3D699F4F,United States,United States,DATA EXPIRED,English,United States,Male,DATA EXPIRED
613665bc8e67335b9ef6b62f,611962052e808667c350bccc,RETURNED,02:45.2,,7145.120223,45,17,1,99,,,CONSENT REVOKED,CONSENT REVOKED,CONSENT REVOKED,CONSENT REVOKED,CONSENT REVOKED,CONSENT REVOKED,CONSENT REVOKED
613665c33215f5940f4bfd93,6133419c1b9fa950eb51d289,APPROVED,02:55.8,09:45.2,409.364,47,3,0,100,38:06.0,3D699F4F,DATA EXPIRED,United States,Full-Time,DATA EXPIRED,United States,Male,DATA EXPIRED
613665c5080708718921774d,612b9d5b37ae0c8231990272,APPROVED,02:40.5,14:50.7,730.264,21,9,0,100,38:06.1,3D699F4F,South Africa,South Africa,Unemployed (and job seeking),DATA EXPIRED,South Africa,Male,Yes
613665d7ffa21bbc51c8f125,611eb90cde53dcdf1c089b10,APPROVED,03:51.0,13:17.0,565.975,23,11,0,100,38:06.2,3D699F4F,South Africa,South Africa,Full-Time,DATA EXPIRED,South Africa,Female,No
613665d8af877e6bea7208f7,613334e15b2b89a32523bb4a,APPROVED,02:57.4,15:57.7,780.284,41,3,0,100,38:06.3,3D699F4F,DATA EXPIRED,United States,Full-Time,DATA EXPIRED,United States,Male,DATA EXPIRED
613665de9db8a99bae2f9cc3,611435d444e430b808f49107,APPROVED,02:57.2,08:48.1,350.821,19,27,0,100,38:06.4,3D699F4F,Vietnam,United States,Unemployed (and job seeking),English,United States,Female,Yes
613665f55d6921c21f4867c8,5f1a1e66017e0c10c5a93399,APPROVED,03:18.7,08:38.4,319.652,26,120,0,100,38:06.5,3D699F4F,United Kingdom,United Kingdom,DATA EXPIRED,English,United Kingdom,Male,DATA EXPIRED
613665f7b823648c7026e6cb,61140ecd6c72bb8ce54d0ac8,APPROVED,03:44.8,23:31.9,1187.104,34,20,1,100,38:06.8,3D699F4F,Zimbabwe,South Africa,Full-Time,DATA EXPIRED,Zimbabwe,Male,No
613665fa15e1e42528608eb8,611e27aa50a1d65dc3eb2e36,RETURNED,03:32.5,,7097.99982,43,22,0,100,,,CONSENT REVOKED,CONSENT REVOKED,CONSENT REVOKED,CONSENT REVOKED,CONSENT REVOKED,CONSENT REVOKED,CONSENT REVOKED
613665ffa05b051a9408a1da,6130ee389ebb2291128c51ec,APPROVED,03:37.7,10:38.2,420.519,21,8,0,100,38:06.9,3D699F4F,South Africa,South Africa,Unemployed (and job seeking),DATA EXPIRED,South Africa,Female,Yes
6136660bb15891a4deb31b8a,6134b9b38cb3bdbdbb129503,APPROVED,06:47.9,12:30.3,342.391,21,5,0,100,38:06.9,3D699F4F,Portugal,Portugal,Full-Time,Portuguese,Portugal,Male,Yes
6136660f502fe6222356d091,603ec4a01c38def9ae2ddbf3,RETURNED,03:46.1,,7084.422274,20,32,0,100,,,CONSENT REVOKED,CONSENT REVOKED,CONSENT REVOKED,CONSENT REVOKED,CONSENT REVOKED,CONSENT REVOKED,CONSENT REVOKED
61366613b898ed40529f8819,612896ef82c5e7d0f847aef0,RETURNED,03:57.4,,7073.206249,28,17,0,100,,,CONSENT REVOKED,CONSENT REVOKED,CONSENT REVOKED,CONSENT REVOKED,CONSENT REVOKED,CONSENT REVOKED,CONSENT REVOKED
6136662a54aca64160c78113,6135fb1920580f9245b13e85,APPROVED,04:10.7,13:05.1,534.375,22,5,0,100,38:07.0,3D699F4F,Portugal,Portugal,Other,Portuguese,Portugal,Female,Yes
6136662b80173af66441c1db,5e8f213769553a1f1b27bf5f,APPROVED,04:11.6,13:26.5,554.945,31,195,3,99,38:07.1,3D699F4F,Poland,Poland,Full-Time,Polish,Poland,Male,No
6136665737f225cf49de4502,61186aa1f90806d0e5943d14,APPROVED,04:59.7,10:42.4,342.684,48,47,1,98,38:07.2,3D699F4F,United States,United States,Full-Time,English,United States,Female,DATA EXPIRED
61366659aa263b6ae9ddf166,6123c4b8ecb7401856d2c68c,APPROVED,05:06.2,16:17.2,670.965,21,12,0,100,38:07.2,3D699F4F,South Africa,South Africa,Part-Time,DATA EXPIRED,South Africa,Female,Yes
6136666bcc780d4d8aa632b1,611d0c64d70a6d9fcd11440b,APPROVED,05:31.8,19:50.9,859.139,46,14,0,100,38:07.3,3D699F4F,Zimbabwe,South Africa,"Not in paid work (e.g. homemaker', 'retired or disabled)",DATA EXPIRED,Zimbabwe,Female,No
6136667632a88433765dd682,612f9ab8267718084ed741f5,APPROVED,05:29.1,13:30.0,480.858,49,18,0,100,38:07.4,3D699F4F,United States,United States,Full-Time,English,United States,Female,No
613666984b72f0b889a3a0fd,6127c6162228b9657b189855,APPROVED,14:53.9,23:30.1,516.162,29,25,0,100,38:07.5,3D699F4F,United States,United States,"Not in paid work (e.g. homemaker', 'retired or disabled)",English,United States,Female,Yes
6136669cef70ee560da0742e,60fd913b3fd4aeea9829cff3,APPROVED,06:25.4,15:12.2,526.811,21,25,0,100,38:07.6,3D699F4F,India,South Africa,Full-Time,Hindi,India,Female,Yes
613666b654aca64160c7811d,612fab1125ea0a912c3edc62,APPROVED,06:32.7,13:10.8,398.146,22,42,0,100,38:07.7,3D699F4F,United States,United States,Part-Time,English,United States,Female,Yes
613666b6cfb589651b0c29b1,612f30319ac0068f138410de,APPROVED,06:42.3,16:57.0,614.688,28,15,0,100,38:07.7,3D699F4F,DATA EXPIRED,United States,Full-Time,English,United States,Male,Yes
613666bdab95fb85a08e833c,5fb7e077c7bb9a0d2256cf10,APPROVED,06:38.0,13:20.9,402.915,31,51,0,100,38:07.8,3D699F4F,Indonesia,United Kingdom,Other,Indonesian,Indonesia,Male,Yes
613666bef8e37a585a57acb1,61362316891827226628509d,APPROVED,06:43.6,12:52.6,368.996,55,3,0,100,38:07.9,3D699F4F,United Kingdom,United Kingdom,Part-Time,English,United Kingdom,Male,No
613666c501fc37075aca1093,611d3750174eba1ae1cd159b,APPROVED,14:20.9,36:13.0,1312.114,40,18,0,100,38:08.0,3D699F4F,South Africa,South Africa,Full-Time,DATA EXPIRED,South Africa,Female,No
613666c8d537bf5f9940a9c8,61117824b50449eb95b915a3,APPROVED,06:51.1,13:48.4,417.294,22,28,0,100,38:08.1,3D699F4F,United States,United States,Part-Time,English,United States,Female,Yes
613666d03ff11026a8bf7ad5,611d1a4b7e892fb389a367f9,APPROVED,07:39.2,25:20.0,1060.812,52,26,0,100,38:08.2,3D699F4F,Portugal,Portugal,Full-Time,Portuguese,Portugal,Male,No
613666d7c0df02e4798ea4a4,60e0c71ff056f9529c354d16,APPROVED,07:21.6,17:37.1,615.461,20,8,0,100,38:08.3,3D699F4F,DATA EXPIRED,South Africa,DATA EXPIRED,DATA EXPIRED,South Africa,Female,DATA EXPIRED
613666eb72a3842acd77cb10,6106a09f41078810bf622ef2,APPROVED,07:32.5,22:26.3,893.737,23,19,0,100,38:08.4,3D699F4F,South Africa,South Africa,Unemployed (and job seeking),DATA EXPIRED,South Africa,Female,Yes
613666f3982e82b76b06a2ae,5eb84e8cae2e9208c05a7546,APPROVED,07:31.1,27:45.6,1214.522,25,125,6,95,38:08.4,3D699F4F,Poland,Poland,Full-Time,Polish,Poland,Male,No
61366706c8faa5c210470681,6125156c56c3908f1e1bd0a8,APPROVED,07:53.5,14:09.5,375.914,,12,1,92,38:08.5,3D699F4F,United States,United States,Full-Time,English,United States,Female,No
6136670c2e3d3ff235e52522,6100398c89e3995603cbae40,APPROVED,08:15.4,16:15.5,480.125,30,12,0,100,38:08.6,3D699F4F,DATA EXPIRED,United States,Full-Time,English,United States,Female,Yes
6136670d102aa52a7157803a,612c954bdb08835f51b5dda9,APPROVED,08:22.0,28:25.8,1203.791,28,2,0,100,38:08.7,3D699F4F,United States,United States,Full-Time,English,United States,Male,No
6136670ed537bf5f9940a9d0,5f07eeb40128e7000b4b8e21,APPROVED,08:42.2,29:31.6,1249.343,40,68,0,100,38:08.8,3D699F4F,Nigeria,South Africa,Full-Time,DATA EXPIRED,South Africa,Female,No
61366717ba32ab8b3f28957d,610e7d47d6a68051ddc2f796,APPROVED,08:17.2,14:58.6,401.402,27,23,0,100,38:08.8,3D699F4F,Germany,Germany,Unemployed (and job seeking),German,Germany,Female,Yes
6136671ca27ea7c25c026f32,60cbd264b753e8fd852a54b7,APPROVED,08:29.6,33:55.9,1526.255,27,26,0,100,38:08.9,3D699F4F,DATA EXPIRED,South Africa,Full-Time,DATA EXPIRED,South Africa,Female,No
61366720502fe6222356d09b,5f6daa6a2a8a3e22518b10e0,APPROVED,08:19.3,17:53.6,574.285,21,32,0,100,38:09.0,3D699F4F,United States,United States,Unemployed (and job seeking),English,United States,Male,Yes
613667346ed26b2481e7249f,612d8e7f85804e7f0a8a96c7,APPROVED,15:29.4,55:35.6,2406.211,48,15,0,100,11:09.9,3D699F4F,DATA EXPIRED,United States,Full-Time,DATA EXPIRED,United States,Male,DATA EXPIRED
61366736aac1f817719a3473,60410999fb894b08f5b08061,APPROVED,13:19.3,28:04.1,884.86,28,60,0,100,38:09.0,3D699F4F,Poland,Poland,DATA EXPIRED,Polish,Poland,Male,DATA EXPIRED
6136673a1423b51a14cffaa8,612a518785ba05508f9bd66e,APPROVED,15:30.4,56:11.8,2441.356,46,13,0,100,11:10.0,3D699F4F,DATA EXPIRED,United States,Full-Time,DATA EXPIRED,United States,Male,DATA EXPIRED
6136674c7a7467a8596f2dc8,611f47d29433b89634fb8c0b,APPROVED,09:11.9,35:32.9,1580.953,27,20,1,99,38:09.1,3D699F4F,South Africa,South Africa,Unemployed (and job seeking),DATA EXPIRED,South Africa,Male,No
61366750877a3e5c21344594,61325ef9cb3e1a4f4d2a532e,APPROVED,09:15.8,19:42.6,626.774,31,8,0,100,38:09.2,3D699F4F,France,France,Full-Time,French,France,Male,No
613667538b2538061dc64cee,5e82cad7dd6f1a9fa53ce125,APPROVED,09:11.6,16:07.6,416.047,45,397,2,100,38:09.3,3D699F4F,United States,Israel,Part-Time,DATA EXPIRED,United States,Male,No
6136675fc6b08631b16707fe,612cf81747f6277e4fde16eb,APPROVED,09:44.3,22:35.2,770.857,30,18,0,100,38:09.3,3D699F4F,United States,United States,Full-Time,English,United States,Female,DATA EXPIRED
61366767569403a1a25750d6,6130a32cd30a251765045601,APPROVED,09:45.1,22:06.6,741.525,64,7,0,100,38:09.4,3D699F4F,United Kingdom,United Kingdom,Part-Time,English,United Kingdom,Female,No
6136676d3215f5940f4bfdb2,60cb31b7319fdfa35c59cc60,APPROVED,09:33.5,21:48.6,735.052,44,43,0,100,38:09.5,3D699F4F,Slovenia,Slovenia,Full-Time,Slovenian,Slovenia,Male,No
61366771ef851c3a0857a816,611e9de091714c078c60f6cb,APPROVED,09:40.9,29:02.7,1161.706,31,17,1,99,38:09.6,3D699F4F,South Africa,South Africa,Full-Time,DATA EXPIRED,South Africa,Male,No
61366773d04ccca6cf511bc7,611a7783c0d77a0213d02228,APPROVED,09:41.9,24:14.5,872.626,54,15,1,98,38:09.7,3D699F4F,Angola,Portugal,Full-Time,Portuguese,Portugal,Female,No
61366784dd0b1114973d9eb7,60fb21661e691c5ff8ce5967,APPROVED,09:56.3,38:43.0,1726.691,25,26,0,100,11:10.1,3D699F4F,South Africa,South Africa,Part-Time,DATA EXPIRED,South Africa,Female,No
6136678b0354e80ccf1eef0f,611e84347dd401f7cee32548,APPROVED,10:09.4,23:14.4,784.934,23,7,0,100,38:09.8,3D699F4F,South Africa,South Africa,Other,DATA EXPIRED,South Africa,Female,Yes
613667962432bc64ad1dd5c6,611d538e608113f2f1934551,APPROVED,10:37.9,28:36.8,1078.895,20,12,0,100,38:09.9,3D699F4F,South Africa,South Africa,Unemployed (and job seeking),DATA EXPIRED,South Africa,Female,Yes
6136679b9c83ca1e031540cb,611d2d0cd6d887b155d06566,APPROVED,10:22.9,20:28.1,605.238,35,28,0,100,38:10.0,3D699F4F,South Africa,South Africa,Full-Time,DATA EXPIRED,South Africa,Female,No
613667a3b2d6f125ce678f17,60fe21f1ac638cc96ae2214a,RETURNED,10:31.3,,6679.969338,21,22,0,100,,,CONSENT REVOKED,CONSENT REVOKED,CONSENT REVOKED,CONSENT REVOKED,CONSENT REVOKED,CONSENT REVOKED,CONSENT REVOKED
613667a7c2a90f58f0c185dc,611b84522d9d8f12b17bf7fd,APPROVED,10:39.8,20:06.7,566.884,32,16,0,100,38:10.1,3D699F4F,DATA EXPIRED,South Africa,DATA EXPIRED,DATA EXPIRED,South Africa,Male,DATA EXPIRED
613667b21fd49e3df00671c6,6129091a4488538bc7654940,APPROVED,10:49.0,26:16.2,927.228,21,11,1,99,38:10.2,3D699F4F,South Africa,South Africa,Part-Time,DATA EXPIRED,South Africa,Female,Yes
613667b60fcc72e605624515,60ff1e8ad6e8d5efb5d63422,APPROVED,13:12.1,25:03.5,711.382,20,46,0,100,38:10.2,3D699F4F,United States,United States,Unemployed (and job seeking),English,United States,Female,Yes
613667bd0748c7c64745f768,6106df3a5824ab86ad47bebf,APPROVED,11:00.1,15:53.5,293.486,26,28,0,100,38:10.3,3D699F4F,France,France,Full-Time,French,France,Female,No
613667db3ee1e2d17a577591,6127434524838af88552a744,APPROVED,11:32.0,20:17.9,525.874,40,19,1,98,38:10.5,3D699F4F,Canada,Canada,Full-Time,English,Canada,Male,Yes
613667e019994ead89575996,61275ac5966a0a47a0be0397,APPROVED,11:30.5,27:47.6,977.052,22,13,1,99,38:10.5,3D699F4F,South Africa,South Africa,Unemployed (and job seeking),DATA EXPIRED,South Africa,Male,No
613667edba32ab8b3f28958b,5edf29cafba97d1db314f91a,APPROVED,11:41.6,43:20.7,1899.098,24,72,0,100,11:10.2,3D699F4F,Greece,Greece,Full-Time,Greek,Greece,Female,No
613667ee2d3f46e9c85f20c3,6106d35abda2d3e3611999a1,APPROVED,12:25.7,19:58.3,452.573,32,19,0,100,38:10.6,3D699F4F,Italy,Italy,Full-Time,Italian,Italy,Male,No
613667f67ab1ead35fd5677f,6111be56bbc35ae1249a2d57,APPROVED,11:52.4,17:08.3,315.821,19,54,0,100,38:10.7,3D699F4F,China,United States,Other,English,United States,Female,Yes
613667f6d1b06814f5a462a9,610ff629956a8be52c6f5e68,APPROVED,11:52.9,20:33.8,520.905,21,27,0,100,38:10.8,3D699F4F,United States,United States,Due to start a new job within the next month,English,United States,Female,Yes
613667f9dd0b1114973d9ec4,611adf23e49cc53702759d3f,APPROVED,16:18.5,31:45.0,926.52,30,16,0,100,38:10.9,3D699F4F,South Africa,South Africa,Part-Time,DATA EXPIRED,South Africa,Male,Yes
613667feb669afa787c5e523,5ea4273e16a0c73bcff9fcb0,APPROVED,11:58.1,22:09.5,611.467,40,382,2,100,38:10.9,3D699F4F,United Kingdom,United Kingdom,"Not in paid work (e.g. homemaker', 'retired or disabled)",English,Ireland,Male,No
61366813adb876c6546b3755,6106d5d21f0d01fde6ee6b9e,APPROVED,18:46.6,42:52.6,1446.024,29,24,1,99,11:10.3,3D699F4F,Portugal,Portugal,Full-Time,Portuguese,Portugal,Female,No
61366825f534f5fd31de29e1,61262b103df0ba69562882c7,RETURNED,22:37.5,,5954.038782,46,10,0,100,,,CONSENT REVOKED,CONSENT REVOKED,CONSENT REVOKED,CONSENT REVOKED,CONSENT REVOKED,CONSENT REVOKED,CONSENT REVOKED
61366830835e96324d743564,612f8cf7892ffe3a3e332cb8,APPROVED,17:36.2,25:23.7,467.469,27,27,0,100,38:11.0,3D699F4F,United States,United States,Due to start a new job within the next month,English,United States,Female,No
61366830a625d7448808de90,6132742d80a7f79ac54b0fa1,APPROVED,13:00.2,21:43.1,522.863,18,6,0,100,38:11.1,3D699F4F,South Africa,South Africa,"Not in paid work (e.g. homemaker', 'retired or disabled)",DATA EXPIRED,South Africa,Female,Yes
613668371ad69f0500992dc1,613457318793ae0394b514d6,TIMED-OUT,13:02.4,,6529.175773,31,6,0,100,,,United States,United States,Full-Time,English,United States,Male,No
61366837cb3157802393e03d,6133470ec4aaf31964415e57,APPROVED,13:07.1,28:27.1,920.038,38,5,0,100,38:11.2,3D699F4F,South Africa,South Africa,Part-Time,DATA EXPIRED,South Africa,Female,Yes
61366839a642295bc4908e90,611e2c6a69d241ea9793071a,APPROVED,13:01.4,21:50.4,529.092,24,9,0,100,38:11.3,3D699F4F,Germany,Germany,Part-Time,German,Germany,Female,Yes
61366839ac41e447ce9d05ae,611fcf08e319f17f3ed80954,APPROVED,13:04.5,23:40.7,636.212,22,27,0,100,38:11.4,3D699F4F,United States,United States,Part-Time,English,United States,Female,No
613668453f6102a47842bb2c,610c6f42aa768ab53196875d,RETURNED,13:12.6,,6519.082797,24,27,0,100,,,CONSENT REVOKED,CONSENT REVOKED,CONSENT REVOKED,CONSENT REVOKED,CONSENT REVOKED,CONSENT REVOKED,CONSENT REVOKED
613668b88358d70fd621c292,61321316cbf9d6f6946a6fb0,APPROVED,15:08.4,23:44.2,515.842,41,7,1,90,38:11.5,3D699F4F,France,France,Full-Time,French,France,Male,No
61366986b3778903be63430f,6112e38f811a9d11384fd173,APPROVED,19:24.1,35:15.1,951.029,37,24,0,100,38:11.6,3D699F4F,Zimbabwe,South Africa,Full-Time,DATA EXPIRED,Zimbabwe,Female,Yes
613669b7af196ec6d0fef3aa,61366373954c6965f1db1e88,APPROVED,19:21.8,28:57.2,575.374,22,1,0,100,38:11.6,3D699F4F,DATA EXPIRED,Greece,DATA EXPIRED,DATA EXPIRED,DATA EXPIRED,DATA EXPIRED,DATA EXPIRED
613669f86bd1e4443a7c4afb,613652bae3257e13c7edd03b,APPROVED,20:27.2,27:36.8,429.608,18,1,0,100,38:11.7,3D699F4F,United Kingdom,United Kingdom,Full-Time,English,United Kingdom,Male,No
61366c4cccf022def1444509,6131d38967a2fbe76ff19ed4,APPROVED,30:23.0,40:32.9,609.835,22,9,0,100,11:10.4,3D699F4F,South Africa,South Africa,Unemployed (and job seeking),DATA EXPIRED,South Africa,Female,No
61366e92d570487f4369100e,611e3bea4feaf3fc9beb408c,APPROVED,40:08.5,53:17.0,788.479,41,17,0,100,11:10.5,3D699F4F,South Africa,South Africa,Unemployed (and job seeking),DATA EXPIRED,South Africa,Female,No
61366fc6b6cbecaa84e83d54,5c4d8a8734ee9300011d1dfa,APPROVED,45:10.9,56:01.5,650.637,24,22,0,100,11:10.6,3D699F4F,Italy,Italy,Other,Italian,Italy,Male,Yes
6136705dabbdb73691384cf0,611d6d5c0a9b804235418e2b,TIMED-OUT,48:01.7,,4430.167749,36,23,0,100,,,South Africa,South Africa,Full-Time,DATA EXPIRED,South Africa,Male,No
613674c9448c217b5ab7f241,611cb807922d0db4d7d5a3ac,APPROVED,07:02.9,20:49.4,826.523,22,16,0,100,33:30.7,3D699F4F,South Africa,South Africa,Unemployed (and job seeking),DATA EXPIRED,South Africa,Female,No
61367ddc5d73bf759eb3df0f,61001a00793e46ae043d05bc,APPROVED,45:18.6,51:30.2,371.578,28,67,0,100,01:33.5,3D699F4F,United States,United States,Full-Time,English,United States,Female,No